positionType,positionNum,publishTime,positionline,positionname,workLocation
职能类,1,2019-03-13,position_detail.php?id=48484&keywords=&tid=0&lid=0,S2-International Finance Manager（EU）,荷兰
职能类,1,2019-03-13,position_detail.php?id=48485&keywords=&tid=0&lid=0,S2-IBG财务管理经理（深圳）,深圳
技术类,1,2019-03-13,position_detail.php?id=48486&keywords=&tid=0&lid=0,S2-高级测试工程师（深圳）,深圳
产品/项目类,1,2019-03-13,position_detail.php?id=48487&keywords=&tid=0&lid=0,PCG10-商业化产品运营经理-平台策略方向,深圳
技术类,2,2019-03-13,position_detail.php?id=48488&keywords=&tid=0&lid=0,27092-商业化iOS高级开发工程师（深圳）,深圳
设计类,1,2019-03-13,position_detail.php?id=48489&keywords=&tid=0&lid=0,29911-移动端交互设计师,深圳
技术类,1,2019-03-13,position_detail.php?id=48479&keywords=&tid=0&lid=0,CSIG17-LBS产品能力技术评价负责人,北京
技术类,1,2019-03-13,position_detail.php?id=48480&keywords=&tid=0&lid=0,25814-数据研发高级工程师,北京
技术类,2,2019-03-13,position_detail.php?id=48481&keywords=&tid=0&lid=0,18302-动作游戏引擎工程师（深圳）,深圳
技术类,1,2019-03-13,position_detail.php?id=48482&keywords=&tid=0&lid=0,18302-游戏程序化生成 TA,深圳
技术类,1,2019-03-13,position_detail.php?id=48483&keywords=&tid=0&lid=0,30361-WEB前端工程师,北京
技术类,3,2019-03-13,position_detail.php?id=48473&keywords=&tid=0&lid=0,TEG09-云存储高级研发工程师（深圳总部）,深圳
技术类,2,2019-03-13,position_detail.php?id=48474&keywords=&tid=0&lid=0,TEG09-云存储高级研发工程师（北京）,北京
技术类,1,2019-03-13,position_detail.php?id=48475&keywords=&tid=0&lid=0,21309-PC客户端开发工程师,深圳
设计类,1,2019-03-13,position_detail.php?id=48477&keywords=&tid=0&lid=0,20772-自制节目视觉管理（北京）,北京
技术类,1,2019-03-13,position_detail.php?id=48478&keywords=&tid=0&lid=0,CSIG17-车联网高级硬件测试架构师,北京
职能类,1,2019-03-13,position_detail.php?id=48467&keywords=&tid=0&lid=0,ZNB-高级专家助理,北京
技术类,1,2019-03-13,position_detail.php?id=48468&keywords=&tid=0&lid=0,22850-腾讯视频VIP后台开发工程师(深圳),深圳
产品/项目类,3,2019-03-13,position_detail.php?id=48469&keywords=&tid=0&lid=0,31967-企鹅电竞游戏直播运营经理（深圳）,深圳
技术类,1,2019-03-13,position_detail.php?id=48470&keywords=&tid=0&lid=0,31967-企鹅电竞Web应用开发工程师,深圳
产品/项目类,2,2019-03-13,position_detail.php?id=48471&keywords=&tid=0&lid=0,31967-企鹅电竞游戏直播运营经理（北京）,北京
技术类,3,2019-03-13,position_detail.php?id=48472&keywords=&tid=0&lid=0,TEG09-CDN高级后台开发工程师,深圳
技术类,1,2019-03-13,position_detail.php?id=48462&keywords=&tid=0&lid=0,17229-手游客户端开发工程师（深圳）,深圳
产品/项目类,1,2019-03-13,position_detail.php?id=48463&keywords=&tid=0&lid=0,PCG09-信息流垂类运营（体育）,北京
技术类,1,2019-03-13,position_detail.php?id=48464&keywords=&tid=0&lid=0,25926-高级游戏客户端安全工程师（深圳）,深圳
内容编辑类,1,2019-03-13,position_detail.php?id=48465&keywords=&tid=0&lid=0,TZ-网站编辑,深圳
设计类,1,2019-03-13,position_detail.php?id=48466&keywords=&tid=0&lid=0,27566-互动叙事类视觉导演（深圳）,深圳
产品/项目类,1,2019-03-13,position_detail.php?id=48456&keywords=&tid=0&lid=0,23295-互娱内容平台产品经理（深圳）,深圳
内容编辑类,1,2019-03-13,position_detail.php?id=48457&keywords=&tid=0&lid=0,TME-电台节目高级运营经理,深圳
产品/项目类,1,2019-03-13,position_detail.php?id=48458&keywords=&tid=0&lid=0,TME-MOO音乐产品策划（深圳）,深圳
技术类,1,2019-03-13,position_detail.php?id=48459&keywords=&tid=0&lid=0,25923-golang运营开发工程师,深圳
技术类,1,2019-03-13,position_detail.php?id=48460&keywords=&tid=0&lid=0,25923-王者荣耀技术运营工程师（深圳）,深圳
市场类,1,2019-03-13,position_detail.php?id=48461&keywords=&tid=0&lid=0,21528-版权商务（词曲）,北京
技术类,1,2019-03-13,position_detail.php?id=48451&keywords=&tid=0&lid=0,22090-天天快报-高级研发工程师（北京）,北京
技术类,1,2019-03-13,position_detail.php?id=48452&keywords=&tid=0&lid=0,PCG10-NLP/CV算法工程师,深圳
,1,2019-03-13,position_detail.php?id=48453&keywords=&tid=0&lid=0,21528-品牌传播经理（深圳总部）,深圳
,1,2019-03-13,position_detail.php?id=48454&keywords=&tid=0&lid=0,21528-品牌传播经理（北京）,北京
,1,2019-03-13,position_detail.php?id=48455&keywords=&tid=0&lid=0,21528-媒介传播经理（党媒央媒）,北京
技术类,1,2019-03-13,position_detail.php?id=48446&keywords=&tid=0&lid=0,25925-NLP高级工程师（深圳）,深圳
职能类,1,2019-03-13,position_detail.php?id=48447&keywords=&tid=0&lid=0,TME-腾讯音乐安全策略总监/专家,深圳
技术类,1,2019-03-13,position_detail.php?id=48448&keywords=&tid=0&lid=0,22989-自然语言处理平台高级工程师,深圳
产品/项目类,3,2019-03-13,position_detail.php?id=48449&keywords=&tid=0&lid=0,22989-AI语义产品经理,深圳
技术类,1,2019-03-13,position_detail.php?id=48450&keywords=&tid=0&lid=0,26564-PHP后台开发工程师（深圳）,深圳
产品/项目类,1,2019-03-13,position_detail.php?id=48440&keywords=&tid=0&lid=0,31504-云服务高级项目经理（深圳）,深圳
技术类,5,2019-03-13,position_detail.php?id=48441&keywords=&tid=0&lid=0,25663-腾讯云国际化业务后台开发(深圳）,深圳
技术类,2,2019-03-13,position_detail.php?id=48442&keywords=&tid=0&lid=0,25663-腾讯云国际化业务web前端开发（深圳）,深圳
产品/项目类,1,2019-03-13,position_detail.php?id=48443&keywords=&tid=0&lid=0,PCG16-游戏运营,深圳
产品/项目类,1,2019-03-13,position_detail.php?id=48444&keywords=&tid=0&lid=0,31967-企鹅电竞高级数据产品经理,深圳
技术类,1,2019-03-13,position_detail.php?id=48445&keywords=&tid=0&lid=0,WXG10-152 企业微信专项测试工程师（广州）,广州
设计类,1,2019-03-13,position_detail.php?id=48435&keywords=&tid=0&lid=0,HY6-互娱视觉设计师,深圳
设计类,1,2019-03-13,position_detail.php?id=48436&keywords=&tid=0&lid=0,29911-多媒体视觉设计师,深圳
产品/项目类,1,2019-03-13,position_detail.php?id=48437&keywords=&tid=0&lid=0,30625-腾讯广告生态合作运营经理（北京）,北京
市场类,1,2019-03-13,position_detail.php?id=48438&keywords=&tid=0&lid=0,30625-腾讯广告平台销售经理（大客户和生态组）,北京
产品/项目类,1,2019-03-13,position_detail.php?id=48439&keywords=&tid=0&lid=0,30625-腾讯广告KA电商行业数据运营经理,深圳
技术类,1,2019-03-13,position_detail.php?id=48430&keywords=&tid=0&lid=0,23295-互娱游戏营销算法工程师,深圳
技术类,1,2019-03-13,position_detail.php?id=48431&keywords=&tid=0&lid=0,23295-互娱社区后台开发工程师（深圳）,深圳
设计类,1,2019-03-13,position_detail.php?id=48432&keywords=&tid=0&lid=0,23292-互娱概念美术指导,深圳
市场类,1,2019-03-13,position_detail.php?id=48433&keywords=&tid=0&lid=0,HY6-互娱市场推广经理（内容营销方向）,武汉
市场类,1,2019-03-13,position_detail.php?id=48434&keywords=&tid=0&lid=0,25666-融合媒体行业销售Leader(北京/深圳)（深圳总部）,深圳
产品/项目类,2,2019-03-13,position_detail.php?id=48424&keywords=&tid=0&lid=0,25927-toB高级产品经理（上海）,上海
技术类,1,2019-03-13,position_detail.php?id=48425&keywords=&tid=0&lid=0,30628-腾讯广告投放平台PHP开发工程师（上海）,上海
市场类,1,2019-03-13,position_detail.php?id=48426&keywords=&tid=0&lid=0,CSIG15-高级商业分析师,深圳
技术类,1,2019-03-13,position_detail.php?id=48427&keywords=&tid=0&lid=0,30628-业务运维高级工程师,北京
技术类,1,2019-03-13,position_detail.php?id=48428&keywords=&tid=0&lid=0,25929-高级机器学习工程师,上海
产品/项目类,1,2019-03-13,position_detail.php?id=48429&keywords=&tid=0&lid=0,27192-互娱游戏社区产品运营经理,深圳
技术类,1,2019-03-13,position_detail.php?id=48419&keywords=&tid=0&lid=0,TEG02-SDN开发工程师（北京）,北京
市场类,1,2019-03-13,position_detail.php?id=48420&keywords=&tid=0&lid=0,TB-投资经理（香港）,香港
设计类,1,2019-03-13,position_detail.php?id=48421&keywords=&tid=0&lid=0,18302-剑灵IP手游本地化资深3D场景设计师（深圳）,深圳
产品/项目类,1,2019-03-13,position_detail.php?id=48422&keywords=&tid=0&lid=0,23671-众创空间区域运营经理,深圳
产品/项目类,1,2019-03-13,position_detail.php?id=48423&keywords=&tid=0&lid=0,25928-音频策划,上海
技术类,3,2019-03-13,position_detail.php?id=48413&keywords=&tid=0&lid=0,22989-腾讯云存储产品售前架构师（深圳/北京/上海）,深圳
技术类,1,2019-03-13,position_detail.php?id=48414&keywords=&tid=0&lid=0,TME-腾讯音乐测试开发组长（深圳）,深圳
技术类,1,2019-03-13,position_detail.php?id=48415&keywords=&tid=0&lid=0,TME-全民K歌国际版高级测试工程师（深圳）,深圳
技术类,1,2019-03-13,position_detail.php?id=48416&keywords=&tid=0&lid=0,TME-腾讯音乐音质音效高级测试工程师（深圳）,深圳
内容编辑类,1,2019-03-13,position_detail.php?id=48417&keywords=&tid=0&lid=0,22851-腾讯视频电影频道运营（天津）,天津
技术类,2,2019-03-13,position_detail.php?id=48418&keywords=&tid=0&lid=0,TEG02-SDN开发工程师（深圳总部）,深圳
市场类,1,2019-03-13,position_detail.php?id=48408&keywords=&tid=0&lid=0,15582-商业分析经理（深圳）,深圳
产品/项目类,2,2019-03-13,position_detail.php?id=48409&keywords=&tid=0&lid=0,25663-腾讯云国际业务产品策划经理（深圳）,深圳
技术类,1,2019-03-13,position_detail.php?id=48410&keywords=&tid=0&lid=0,WXG03-微信小程序&公众号计算机视觉高级研究员,广州
设计类,1,2019-03-13,position_detail.php?id=48411&keywords=&tid=0&lid=0,25928-交互设计师,深圳
市场类,1,2019-03-13,position_detail.php?id=48412&keywords=&tid=0&lid=0,25667-腾讯云服务合作伙伴高级运营经理（深圳）,深圳
技术类,1,2019-03-13,position_detail.php?id=48402&keywords=&tid=0&lid=0,PCG04-后台开发工程师（深圳）,深圳
技术类,1,2019-03-13,position_detail.php?id=48403&keywords=&tid=0&lid=0,31506-知识图谱前端开发工程师,深圳
产品/项目类,1,2019-03-13,position_detail.php?id=48404&keywords=&tid=0&lid=0,TME-QQ音乐平台产品策划,深圳
产品/项目类,1,2019-03-13,position_detail.php?id=48405&keywords=&tid=0&lid=0,15569-魂斗罗手游高级系统策划（深圳）,深圳
产品/项目类,1,2019-03-13,position_detail.php?id=48406&keywords=&tid=0&lid=0,15569-魂斗罗手游高级数值策划（深圳）,深圳
产品/项目类,1,2019-03-13,position_detail.php?id=48407&keywords=&tid=0&lid=0,15569-魂斗罗手游世界观策划（深圳）,深圳
产品/项目类,1,2019-03-13,position_detail.php?id=48396&keywords=&tid=0&lid=0,CSIG16-车联网运营项目经理（上海）,上海
产品/项目类,1,2019-03-13,position_detail.php?id=48397&keywords=&tid=0&lid=0,24548-综艺商业制片人,北京
技术类,1,2019-03-13,position_detail.php?id=48398&keywords=&tid=0&lid=0,CSIG16-车联网架构师（深圳）,深圳
市场类,1,2019-03-13,position_detail.php?id=48399&keywords=&tid=0&lid=0,16078-金融行业商务拓展经理（北京）,北京
设计类,1,2019-03-13,position_detail.php?id=48400&keywords=&tid=0&lid=0,PCG19-腾讯视频app交互设计师,深圳
技术类,1,2019-03-13,position_detail.php?id=48401&keywords=&tid=0&lid=0,PCG04-腾讯PCG研发部架构师（深圳）,深圳
产品/项目类,1,2019-03-13,position_detail.php?id=48391&keywords=&tid=0&lid=0,21557-音视频实验室高级产品经理,深圳
技术类,1,2019-03-13,position_detail.php?id=48392&keywords=&tid=0&lid=0,CSIG15-自然语言处理工程师（北京）,北京
技术类,1,2019-03-13,position_detail.php?id=48393&keywords=&tid=0&lid=0,CSIG16-车联网系统工程师（自研基础产品运维负责人）（上海）,上海
技术类,1,2019-03-13,position_detail.php?id=48394&keywords=&tid=0&lid=0,CSIG16-车联网IT运维经理（上海）,上海
产品/项目类,1,2019-03-13,position_detail.php?id=48395&keywords=&tid=0&lid=0,CSIG16-车联网产品运营经理（上海）,上海
市场类,1,2019-03-13,position_detail.php?id=48385&keywords=&tid=0&lid=0,WXG09-321 高级商务经理,广州
市场类,1,2019-03-13,position_detail.php?id=48387&keywords=&tid=0&lid=0,16810-动漫版权商业化经理 ,北京
市场类,1,2019-03-13,position_detail.php?id=48388&keywords=&tid=0&lid=0,29300-动漫商务拓展经理,深圳
技术类,1,2019-03-13,position_detail.php?id=48390&keywords=&tid=0&lid=0,CSIG17-云行业产品测试leader,深圳
技术类,2,2019-03-13,position_detail.php?id=48384&keywords=&tid=0&lid=0,15575-《王者荣耀》图形渲染开发工程师（成都）,成都
技术类,1,2019-03-13,position_detail.php?id=48380&keywords=&tid=0&lid=0,22989-腾讯云-区域交付leader（上海）,上海
技术类,1,2019-03-13,position_detail.php?id=48381&keywords=&tid=0&lid=0,25664-政府行业技术平台架构师,深圳
技术类,3,2019-03-13,position_detail.php?id=48382&keywords=&tid=0&lid=0,25664-政务应用架构师（深圳）,深圳
职能类,1,2019-03-13,position_detail.php?id=48383&keywords=&tid=0&lid=0,BJ-政府事务经理,北京
技术类,1,2019-03-13,position_detail.php?id=48374&keywords=&tid=0&lid=0,31504-腾讯云大客户售后高级技术顾问（深圳/北京/上海/成都）,北京
产品/项目类,1,2019-03-13,position_detail.php?id=48375&keywords=&tid=0&lid=0,22989-腾讯云云开发高级项目管理,深圳
产品/项目类,1,2019-03-13,position_detail.php?id=48377&keywords=&tid=0&lid=0,22989-腾讯云中间件高级项目经理（深圳）,深圳
技术类,1,2019-03-13,position_detail.php?id=48378&keywords=&tid=0&lid=0,22989-腾讯云容器技术高级工程师（北京）,北京
技术类,1,2019-03-13,position_detail.php?id=48379&keywords=&tid=0&lid=0,22989-腾讯云-区域交付leader（北京）,北京
技术类,1,2019-03-13,position_detail.php?id=48369&keywords=&tid=0&lid=0,PCG19-Android开发工程师,深圳
技术类,1,2019-03-13,position_detail.php?id=48371&keywords=&tid=0&lid=0,CSIG16-车联网后台开发工程师（深圳）,深圳
职能类,1,2019-03-13,position_detail.php?id=48372&keywords=&tid=0&lid=0,26832-招聘专员,深圳
产品/项目类,2,2019-03-13,position_detail.php?id=48373&keywords=&tid=0&lid=0,PCG16-信息流游戏策略产品经理,深圳
设计类,1,2019-03-13,position_detail.php?id=48363&keywords=&tid=0&lid=0,PCG19-腾讯视频app视觉设计师,深圳
技术类,1,2019-03-13,position_detail.php?id=48364&keywords=&tid=0&lid=0,PCG19-腾讯视频iOS开发工程师（深圳）,深圳
技术类,1,2019-03-13,position_detail.php?id=48365&keywords=&tid=0&lid=0,PCG19-腾讯视频数据挖掘高级工程师（深圳）,深圳
技术类,3,2019-03-13,position_detail.php?id=48366&keywords=&tid=0&lid=0,PCG19-大数据开发工程师,深圳
设计类,1,2019-03-13,position_detail.php?id=48367&keywords=&tid=0&lid=0,27730-yoo有视频UI设计师（深圳）,深圳
内容编辑类,1,2019-03-13,position_detail.php?id=48368&keywords=&tid=0&lid=0,22851-腾讯视频娱乐频道值班编辑（北京）,北京
技术类,1,2019-03-13,position_detail.php?id=48358&keywords=&tid=0&lid=0,25927-英雄联盟测试经理（深圳）,深圳
产品/项目类,1,2019-03-13,position_detail.php?id=48359&keywords=&tid=0&lid=0,PCG15-互动视频产品策划经理（深圳）,深圳
技术类,1,2019-03-13,position_detail.php?id=48360&keywords=&tid=0&lid=0,15581-欢乐麻将Unity开发工程师（深圳）,深圳
技术类,1,2019-03-13,position_detail.php?id=48361&keywords=&tid=0&lid=0,25925-Linux C++后台开发工程师,深圳
技术类,1,2019-03-13,position_detail.php?id=48362&keywords=&tid=0&lid=0,GY0-【国际业务部】高级运维开发工程师（深圳）,深圳
职能类,1,2019-03-13,position_detail.php?id=48352&keywords=&tid=0&lid=0,PCG20-部门秘书（北京）,北京
技术类,3,2019-03-13,position_detail.php?id=48353&keywords=&tid=0&lid=0,TME-Moo音乐iOS开发工程师（深圳）,深圳
技术类,2,2019-03-13,position_detail.php?id=48354&keywords=&tid=0&lid=0,TME-Moo音乐Android开发工程师（深圳）,深圳
技术类,3,2019-03-13,position_detail.php?id=48355&keywords=&tid=0&lid=0,TME-QQ音乐商业化后台开发工程师（深圳）,深圳
技术类,1,2019-03-13,position_detail.php?id=48356&keywords=&tid=0&lid=0,16810-腾讯动漫运营开发工程师,深圳
产品/项目类,1,2019-03-13,position_detail.php?id=48357&keywords=&tid=0&lid=0,25926-游戏安全产品经理（深圳）,深圳
产品/项目类,1,2019-03-13,position_detail.php?id=48347&keywords=&tid=0&lid=0,27566-互动叙事项目内容导演(深圳）,深圳
市场类,1,2019-03-13,position_detail.php?id=48348&keywords=&tid=0&lid=0,25667-金融行业渠道销售,上海
技术类,2,2019-03-13,position_detail.php?id=48349&keywords=&tid=0&lid=0,27570-高级引擎工程师,上海
设计类,1,2019-03-13,position_detail.php?id=48350&keywords=&tid=0&lid=0,PCG19-腾讯视频app交互设计师,深圳
产品/项目类,1,2019-03-13,position_detail.php?id=48351&keywords=&tid=0&lid=0,PCG19-腾讯视频数据产品经理（深圳）,深圳
产品/项目类,1,2019-03-13,position_detail.php?id=48341&keywords=&tid=0&lid=0,22989-腾讯云计费产品中心总监/计费专家,深圳
产品/项目类,1,2019-03-13,position_detail.php?id=48342&keywords=&tid=0&lid=0,31967-直播主播合作运营,深圳
技术类,1,2019-03-13,position_detail.php?id=48343&keywords=&tid=0&lid=0,31967-企鹅电竞客户端开发工程师,深圳
技术类,1,2019-03-13,position_detail.php?id=48344&keywords=&tid=0&lid=0,31967-企鹅电竞系统测试工程师,深圳
技术类,1,2019-03-13,position_detail.php?id=48345&keywords=&tid=0&lid=0,31967-企鹅电竞ios开发工程师,深圳
产品/项目类,1,2019-03-13,position_detail.php?id=48346&keywords=&tid=0&lid=0,27566-互动叙事合辑高级运营经理(深圳）,深圳
技术类,1,2019-03-13,position_detail.php?id=48336&keywords=&tid=0&lid=0,25923-后台开发工程师（深圳）,深圳
技术类,1,2019-03-13,position_detail.php?id=48337&keywords=&tid=0&lid=0,25923-数据库工程师(DBA)（深圳）,深圳
技术类,1,2019-03-13,position_detail.php?id=48338&keywords=&tid=0&lid=0,CSIG15-数据挖掘工程师,成都
技术类,2,2019-03-13,position_detail.php?id=48339&keywords=&tid=0&lid=0,22989-腾讯云数据平台产品中心WEB前端开发,深圳
产品/项目类,1,2019-03-13,position_detail.php?id=48340&keywords=&tid=0&lid=0,22989-腾讯云平台型高级产品经理（运营产品中心）,深圳
技术类,1,2019-03-13,position_detail.php?id=48331&keywords=&tid=0&lid=0,GY0-【国际业务部】前端开发工程师（深圳）,深圳
技术类,1,2019-03-13,position_detail.php?id=48332&keywords=&tid=0&lid=0,30361-阅读及电台类产品后台开发,深圳
技术类,2,2019-03-13,position_detail.php?id=48333&keywords=&tid=0&lid=0,PCG09-Android 客户端开发工程师（深圳）,深圳
市场类,1,2019-03-13,position_detail.php?id=48334&keywords=&tid=0&lid=0,PCG09-商业分析师（北京）,北京
设计类,1,2019-03-13,position_detail.php?id=48335&keywords=&tid=0&lid=0,WXG07-412 广研交互设计师（广州）,广州
产品/项目类,1,2019-03-13,position_detail.php?id=48324&keywords=&tid=0&lid=0,WXG10-211 企业微信应用市场产品运营（广州）,广州
技术类,1,2019-03-13,position_detail.php?id=48325&keywords=&tid=0&lid=0,WXG10-117 Foxmail Mac开发工程师（广州）,广州
技术类,1,2019-03-13,position_detail.php?id=48326&keywords=&tid=0&lid=0,WXG10-119 Foxmail Windows开发工程师（广州）,广州
技术类,1,2019-03-13,position_detail.php?id=48327&keywords=&tid=0&lid=0,WXG07-152 QQ邮箱专项技术测试（广州）,广州
技术类,1,2019-03-13,position_detail.php?id=48329&keywords=&tid=0&lid=0,31967-游戏直播数据分析经理,深圳
技术类,1,2019-03-13,position_detail.php?id=48330&keywords=&tid=0&lid=0,28481-交付运维工程师（深圳）,深圳
技术类,1,2019-03-13,position_detail.php?id=48318&keywords=&tid=0&lid=0,TME-QQ音乐创新平台Android开发工程师（深圳）,深圳
设计类,1,2019-03-13,position_detail.php?id=48319&keywords=&tid=0&lid=0,27553-腾讯音乐用户研究经理（深圳）,深圳
技术类,1,2019-03-13,position_detail.php?id=48320&keywords=&tid=0&lid=0,25924-移动客户端高级开发工程师,上海
职能类,1,2019-03-13,position_detail.php?id=48321&keywords=&tid=0&lid=0,26832-招聘专员,深圳
技术类,1,2019-03-13,position_detail.php?id=48322&keywords=&tid=0&lid=0,WXG10-153 企业微信质量管理QA（广州）,广州
产品/项目类,1,2019-03-13,position_detail.php?id=48323&keywords=&tid=0&lid=0,WXG10-212 企业微信应用市场产品策划（广州）,广州
市场类,1,2019-03-13,position_detail.php?id=48314&keywords=&tid=0&lid=0,25666-腾讯云华东区域销售（上海/安徽）（上海）,上海
市场类,1,2019-03-13,position_detail.php?id=48315&keywords=&tid=0&lid=0,25666-腾讯云华东区域销售（上海/安徽）（合肥）,合肥
职能类,2,2019-03-13,position_detail.php?id=48316&keywords=&tid=0&lid=0,31109-HRBP(深圳）,深圳
技术类,1,2019-03-13,position_detail.php?id=48317&keywords=&tid=0&lid=0,29300-Web前端开发工程师,深圳
设计类,2,2019-03-13,position_detail.php?id=48308&keywords=&tid=0&lid=0,RP-视觉设计师,深圳
技术类,1,2019-03-13,position_detail.php?id=48309&keywords=&tid=0&lid=0,31967-企鹅电竞Android开发工程师,深圳
技术类,1,2019-03-13,position_detail.php?id=48310&keywords=&tid=0&lid=0,31967-企鹅电竞iOS开发工程师,深圳
设计类,1,2019-03-13,position_detail.php?id=48311&keywords=&tid=0&lid=0,31967-企鹅电竞交互设计师,深圳
设计类,1,2019-03-13,position_detail.php?id=48312&keywords=&tid=0&lid=0,31967-企鹅电竞视觉设计师,深圳
产品/项目类,1,2019-03-13,position_detail.php?id=48313&keywords=&tid=0&lid=0,PCG09-信息流产品垂类高级产品运营经理（ACG品类）,深圳
设计类,1,2019-03-13,position_detail.php?id=48303&keywords=&tid=0&lid=0,15602-高级UnrealEngine技术美术（深圳）,深圳
设计类,1,2019-03-13,position_detail.php?id=48304&keywords=&tid=0&lid=0,15602-妖尾手游3D动作设计师（深圳）,深圳
技术类,1,2019-03-13,position_detail.php?id=48305&keywords=&tid=0&lid=0,PCG04-音视频测试开发（深圳）,深圳
市场类,1,2019-03-13,position_detail.php?id=48306&keywords=&tid=0&lid=0,25668-腾讯云市场高级商务拓展经理（深圳）,深圳
产品/项目类,2,2019-03-13,position_detail.php?id=48297&keywords=&tid=0&lid=0,31967-业务运营经理,深圳
技术类,1,2019-03-13,position_detail.php?id=48298&keywords=&tid=0&lid=0,31967-企鹅电竞Web前端/UI开发工程师,深圳
产品/项目类,1,2019-03-13,position_detail.php?id=48299&keywords=&tid=0&lid=0,31967-企鹅电竞高级产品策划经理,深圳
技术类,1,2019-03-13,position_detail.php?id=48300&keywords=&tid=0&lid=0,31967-企鹅电竞后台开发工程师（深圳）,深圳
技术类,1,2019-03-13,position_detail.php?id=48301&keywords=&tid=0&lid=0,31967-企鹅电竞高级后台开发工程师（深圳）,深圳
市场类,1,2019-03-13,position_detail.php?id=48302&keywords=&tid=0&lid=0,26563-腾讯互娱经营分析经理,深圳
技术类,1,2019-03-13,position_detail.php?id=48292&keywords=&tid=0&lid=0,31504-腾讯云CDN专项高级技术支持工程师（深圳/北京）,北京
职能类,1,2019-03-13,position_detail.php?id=48293&keywords=&tid=0&lid=0,ZSC-Senior Patent Counsel,深圳
职能类,1,2019-03-13,position_detail.php?id=48294&keywords=&tid=0&lid=0,HGJ-senior legal counsel（AM）,香港
产品/项目类,1,2019-03-13,position_detail.php?id=48295&keywords=&tid=0&lid=0,28297-Roblox海外技术PM,深圳
产品/项目类,1,2019-03-13,position_detail.php?id=48296&keywords=&tid=0&lid=0,31967-直播合作项目经理,深圳
技术类,5,2019-03-13,position_detail.php?id=48286&keywords=&tid=0&lid=0,25664-政务民生解决方案架构师(深圳）,深圳
技术类,1,2019-03-13,position_detail.php?id=48287&keywords=&tid=0&lid=0,PCG14-数据分析工程师（深圳）,深圳
设计类,1,2019-03-13,position_detail.php?id=48288&keywords=&tid=0&lid=0,GY0-【国际业务部】高级视觉设计师（深圳）,深圳
产品/项目类,1,2019-03-13,position_detail.php?id=48289&keywords=&tid=0&lid=0,26699-智慧零售商业产品经理,上海
产品/项目类,2,2019-03-13,position_detail.php?id=48291&keywords=&tid=0&lid=0,26699-智慧零售产品运营（深圳/成都）,深圳
技术类,1,2019-03-13,position_detail.php?id=48281&keywords=&tid=0&lid=0,21062-高级动画工程师（深圳）,深圳
技术类,5,2019-03-13,position_detail.php?id=48282&keywords=&tid=0&lid=0,25664-公有云解决方案售前架构师(深圳）,深圳
职能类,2,2019-03-13,position_detail.php?id=48283&keywords=&tid=0&lid=0,31871-服务器策略采购专家 ,深圳
,1,2019-03-13,position_detail.php?id=48284&keywords=&tid=0&lid=0,14914-高级策划公关经理（深圳）,深圳
技术类,5,2019-03-13,position_detail.php?id=48285&keywords=&tid=0&lid=0,25664-公检法行业解决方案架构师(深圳）,深圳
内容编辑类,1,2019-03-13,position_detail.php?id=48275&keywords=&tid=0&lid=0,TME-腾讯音乐音乐曲库运营（深圳）,深圳
职能类,4,2019-03-13,position_detail.php?id=48276&keywords=&tid=0&lid=0,S2-CDG财务管理（深圳）,深圳
职能类,1,2019-03-13,position_detail.php?id=48277&keywords=&tid=0&lid=0,S2-Accounting Manager（US）,美国
职能类,1,2019-03-13,position_detail.php?id=48278&keywords=&tid=0&lid=0,FC-流程经理,深圳
技术类,1,2019-03-13,position_detail.php?id=48279&keywords=&tid=0&lid=0,7660-腾讯广告Java开发工程师（安全管理中心）,北京
产品/项目类,1,2019-03-13,position_detail.php?id=48280&keywords=&tid=0&lid=0,GY0-【国际业务部】JOOX海外音乐产品运营（深圳）,深圳
技术类,1,2019-03-13,position_detail.php?id=48270&keywords=&tid=0&lid=0,18428-高级web前端开发工程师,深圳
产品/项目类,1,2019-03-13,position_detail.php?id=48271&keywords=&tid=0&lid=0,31506-腾讯云安全高级产品经理,深圳
技术类,1,2019-03-13,position_detail.php?id=48272&keywords=&tid=0&lid=0,31506-腾讯云安全后台开发工程师,深圳
产品/项目类,1,2019-03-13,position_detail.php?id=48273&keywords=&tid=0&lid=0,31506-云安全重大项目交付架构师（深圳）,深圳
市场类,2,2019-03-13,position_detail.php?id=48274&keywords=&tid=0&lid=0,19838-影视艺人经纪,北京
技术类,1,2019-03-13,position_detail.php?id=48264&keywords=&tid=0&lid=0,22989-知识图谱后台开发工程师,深圳
技术类,2,2019-03-13,position_detail.php?id=48265&keywords=&tid=0&lid=0,22989-高级NLP工程师,深圳
产品/项目类,1,2019-03-13,position_detail.php?id=48266&keywords=&tid=0&lid=0,21882-高级产品运营经理（深圳）,深圳
产品/项目类,1,2019-03-13,position_detail.php?id=48267&keywords=&tid=0&lid=0,21882-高级产品策划经理（深圳）,深圳
设计类,1,2019-03-13,position_detail.php?id=48268&keywords=&tid=0&lid=0,18427-理财通交互设计师,深圳
技术类,1,2019-03-13,position_detail.php?id=48269&keywords=&tid=0&lid=0,18435-风控大数据平台开发工程师,深圳
,1,2019-03-13,position_detail.php?id=48259&keywords=&tid=0&lid=0,TB-高级投资分析师,北京
产品/项目类,1,2019-03-13,position_detail.php?id=48260&keywords=&tid=0&lid=0,21228- 游戏运营-版本数据岗,深圳
技术类,2,2019-03-13,position_detail.php?id=48261&keywords=&tid=0&lid=0,23671-企鹅号数据挖掘工程师-图像识别（深圳）,深圳
产品/项目类,1,2019-03-13,position_detail.php?id=48262&keywords=&tid=0&lid=0,21882-腾讯医典数据运营分析师（深圳）,深圳
产品/项目类,1,2019-03-13,position_detail.php?id=48263&keywords=&tid=0&lid=0,28481-医疗生态合作经理（深圳）,深圳
市场类,1,2019-03-13,position_detail.php?id=48254&keywords=&tid=0&lid=0,ZL-商业分析分析师/经理(医疗方向),深圳
市场类,1,2019-03-13,position_detail.php?id=48255&keywords=&tid=0&lid=0,ZL-商业分析经理/总监（PCG方向）,深圳
市场类,1,2019-03-13,position_detail.php?id=48256&keywords=&tid=0&lid=0,ZL-商业分析经理/总监（地图业务方向）,北京
,3,2019-03-13,position_detail.php?id=48258&keywords=&tid=0&lid=0,TB-投资经理,北京
产品/项目类,1,2019-03-13,position_detail.php?id=48248&keywords=&tid=0&lid=0,21309-企鹅辅导高级教研经理（深圳）,深圳
技术类,1,2019-03-13,position_detail.php?id=48249&keywords=&tid=0&lid=0,21309-在线教育部-数据推荐组组长,深圳
产品/项目类,1,2019-03-13,position_detail.php?id=48250&keywords=&tid=0&lid=0,21309-企鹅辅导高级教研经理（北京）,北京
市场类,1,2019-03-13,position_detail.php?id=48251&keywords=&tid=0&lid=0,ZL-战略leader,深圳
市场类,1,2019-03-13,position_detail.php?id=48252&keywords=&tid=0&lid=0,ZL-商业分析师/经理（金融科技方向）,深圳
市场类,1,2019-03-13,position_detail.php?id=48253&keywords=&tid=0&lid=0,ZL-商业分析师/经理(游戏方向),深圳
市场类,1,2019-03-13,position_detail.php?id=48242&keywords=&tid=0&lid=0,14914-营销研究经理（深圳）,深圳
职能类,1,2019-03-13,position_detail.php?id=48243&keywords=&tid=0&lid=0,29316-组织发展与绩效负责人,深圳
产品/项目类,1,2019-03-13,position_detail.php?id=48244&keywords=&tid=0&lid=0,15569-横版射击手游版本运营（深圳）,深圳
产品/项目类,1,2019-03-13,position_detail.php?id=48245&keywords=&tid=0&lid=0,15569-魂斗罗手游关卡策划（深圳）,深圳
产品/项目类,1,2019-03-13,position_detail.php?id=48247&keywords=&tid=0&lid=0,21087-MMORPG官网运营（深圳）,深圳
技术类,8,2019-03-13,position_detail.php?id=48237&keywords=&tid=0&lid=0,29912-微视研发专场-IOS开发类,深圳
技术类,1,2019-03-13,position_detail.php?id=48238&keywords=&tid=0&lid=0,TME-全民K歌Web前端工程师-商业FT,深圳
产品/项目类,1,2019-03-13,position_detail.php?id=48239&keywords=&tid=0&lid=0,TEG17-高级AI项目经理（深圳）,深圳
产品/项目类,1,2019-03-13,position_detail.php?id=48240&keywords=&tid=0&lid=0,TEG17-高级AI产品经理（深圳）,深圳
产品/项目类,1,2019-03-13,position_detail.php?id=48241&keywords=&tid=0&lid=0,TEG17-科研项目经理,深圳
技术类,4,2019-03-13,position_detail.php?id=48231&keywords=&tid=0&lid=0,22989-专有云交付平台高级运营开发工程师（深圳/北京）,深圳
技术类,5,2019-03-13,position_detail.php?id=48232&keywords=&tid=0&lid=0,29912-微视研发专场-前端开发类,深圳
技术类,5,2019-03-13,position_detail.php?id=48233&keywords=&tid=0&lid=0,29912-微视研发专场-大数据类,深圳
技术类,3,2019-03-13,position_detail.php?id=48234&keywords=&tid=0&lid=0,29912-微视研发专场-算法类,深圳
技术类,12,2019-03-13,position_detail.php?id=48235&keywords=&tid=0&lid=0,29912-微视研发专场-后台开发类,深圳
技术类,10,2019-03-13,position_detail.php?id=48236&keywords=&tid=0&lid=0,29912-微视研发专场-安卓开发类,深圳
技术类,5,2019-03-13,position_detail.php?id=48226&keywords=&tid=0&lid=0,25664-政府行业技术生态平台架构师(深圳）,深圳
产品/项目类,2,2019-03-13,position_detail.php?id=48228&keywords=&tid=0&lid=0,25664-腾讯云政务行业生态经理（深圳/北京）,深圳
技术类,5,2019-03-13,position_detail.php?id=48229&keywords=&tid=0&lid=0,22989-专有云高级后台研发工程师（深圳）,深圳
技术类,6,2019-03-13,position_detail.php?id=48230&keywords=&tid=0&lid=0,22989-专有云交付平台高级后台研发工程师（深圳/北京）,深圳
产品/项目类,2,2019-03-13,position_detail.php?id=48220&keywords=&tid=0&lid=0,29777-腾讯云高级行业运营经理,深圳
技术类,1,2019-03-13,position_detail.php?id=48221&keywords=&tid=0&lid=0,31504-腾讯云服务产品高级运营开发工程师,深圳
技术类,1,2019-03-13,position_detail.php?id=48222&keywords=&tid=0&lid=0,31504-腾讯云服务产品高级web前端开发工程师,深圳
设计类,1,2019-03-13,position_detail.php?id=48223&keywords=&tid=0&lid=0,29913-信息流优化师(深圳）,深圳
产品/项目类,1,2019-03-13,position_detail.php?id=48225&keywords=&tid=0&lid=0,20503-公关与高校合作项目经理,深圳
技术类,1,2019-03-13,position_detail.php?id=48215&keywords=&tid=0&lid=0,WXG10-119 企业微信PC端开发工程师（广州）,广州
技术类,1,2019-03-13,position_detail.php?id=48216&keywords=&tid=0&lid=0,WXG10-113 企业微信后台开发工程师（广州）,广州
技术类,1,2019-03-13,position_detail.php?id=48217&keywords=&tid=0&lid=0,WXG10-113 企业邮箱安全后台开发工程师(广州),广州
技术类,1,2019-03-13,position_detail.php?id=48218&keywords=&tid=0&lid=0,WXG10-117 企业微信Mac开发工程师 (广州/成都）,广州
技术类,1,2019-03-13,position_detail.php?id=48219&keywords=&tid=0&lid=0,WXG10-113 企业邮箱后台开发工程师（广州）,广州
产品/项目类,1,2019-03-13,position_detail.php?id=48209&keywords=&tid=0&lid=0,15569-横版射击手游玩法策划（深圳）,深圳
技术类,1,2019-03-13,position_detail.php?id=48210&keywords=&tid=0&lid=0,22989-服务器硬件系统工程师（深圳）,深圳
技术类,1,2019-03-13,position_detail.php?id=48211&keywords=&tid=0&lid=0,PCG09-资讯推荐算法高级工程师,北京
市场类,1,2019-03-13,position_detail.php?id=48212&keywords=&tid=0&lid=0,21482-王者荣耀职业联赛高级赛事策划（深圳）,深圳
职能类,1,2019-03-13,position_detail.php?id=48213&keywords=&tid=0&lid=0,S2-公司治理合规经理（深圳）,深圳
技术类,1,2019-03-13,position_detail.php?id=48214&keywords=&tid=0&lid=0,WXG07-154 广州研发部系统测试工程师（广州）,广州
产品/项目类,1,2019-03-13,position_detail.php?id=48204&keywords=&tid=0&lid=0,21226-海外产品发行制作人（深圳总部）,深圳
产品/项目类,1,2019-03-13,position_detail.php?id=48205&keywords=&tid=0&lid=0,21226-海外产品发行制作人（上海）,上海
产品/项目类,2,2019-03-13,position_detail.php?id=48206&keywords=&tid=0&lid=0,21226-海外发行市场总监,深圳
技术类,1,2019-03-13,position_detail.php?id=48207&keywords=&tid=0&lid=0,WXG10-113 企业微信技术合作中心后台开发工程师（广州）,广州
技术类,1,2019-03-13,position_detail.php?id=48208&keywords=&tid=0&lid=0,WXG10-115 企业微信web前端开发工程师（广州）,广州
产品/项目类,2,2019-03-13,position_detail.php?id=48198&keywords=&tid=0&lid=0,PCG16-游戏类信息流内容运营,北京
技术类,1,2019-03-13,position_detail.php?id=48199&keywords=&tid=0&lid=0,CSIG16-车联网Android客户端平台研发高级工程师,北京
产品/项目类,1,2019-03-13,position_detail.php?id=48200&keywords=&tid=0&lid=0,CSIG16-腾讯地图产品运营—内容运营（北京）,北京
产品/项目类,1,2019-03-13,position_detail.php?id=48201&keywords=&tid=0&lid=0,26563-WeGame平台运营（深圳）,深圳
技术类,1,2019-03-13,position_detail.php?id=48202&keywords=&tid=0&lid=0,CSIG07-安全数据挖掘工程师（深圳）,深圳
产品/项目类,1,2019-03-13,position_detail.php?id=48203&keywords=&tid=0&lid=0,CSIG07-企业安全产品经理,深圳
设计类,2,2019-03-13,position_detail.php?id=48193&keywords=&tid=0&lid=0,17229-刺激战场高级2D角色原画师（深圳）,深圳
设计类,1,2019-03-13,position_detail.php?id=48194&keywords=&tid=0&lid=0,17229-刺激战场高级2D场景原画师（深圳）,深圳
技术类,1,2019-03-13,position_detail.php?id=48195&keywords=&tid=0&lid=0,30359-技术咨询,深圳
技术类,1,2019-03-13,position_detail.php?id=48196&keywords=&tid=0&lid=0,30359-代码审计工程师,深圳
设计类,1,2019-03-13,position_detail.php?id=48197&keywords=&tid=0&lid=0,17229-刺激战场高级2D海宣设计师（深圳）,深圳
产品/项目类,1,2019-03-13,position_detail.php?id=48190&keywords=&tid=0&lid=0,CSIG16-手图驾车业务产品策划经理,北京
设计类,2,2019-03-13,position_detail.php?id=48191&keywords=&tid=0&lid=0,17229-刺激战场高级3D场景地形编辑（深圳）,深圳
设计类,3,2019-03-13,position_detail.php?id=48192&keywords=&tid=0&lid=0,17229-刺激战场高级3D场景物件设计师（深圳）,深圳
技术类,1,2019-03-13,position_detail.php?id=48188&keywords=&tid=0&lid=0,GY0-【国际业务部】iOS客户端开发工程师(深圳),深圳
技术类,2,2019-03-13,position_detail.php?id=48189&keywords=&tid=0&lid=0,15851-资深引擎测试开发工程师,深圳
产品/项目类,1,2019-03-13,position_detail.php?id=48181&keywords=&tid=0&lid=0,31506-云安全解决方案架构师（深圳总部）,深圳
产品/项目类,1,2019-03-13,position_detail.php?id=48182&keywords=&tid=0&lid=0,23671-企鹅号数据产品（分析方向）,深圳
市场类,1,2019-03-13,position_detail.php?id=48183&keywords=&tid=0&lid=0,GY0-【国际业务部】腾讯云海外商务拓展（深圳）,深圳
技术类,1,2019-03-13,position_detail.php?id=48184&keywords=&tid=0&lid=0,15851-图形渲染测试开发工程师,深圳
技术类,1,2019-03-13,position_detail.php?id=48185&keywords=&tid=0&lid=0,GY0-【国际业务部】后台开发工程师-数据开发方向（深圳）,深圳
技术类,1,2019-03-13,position_detail.php?id=48186&keywords=&tid=0&lid=0,28297-Roblox游戏开发工程师,深圳
产品/项目类,1,2019-03-13,position_detail.php?id=48175&keywords=&tid=0&lid=0,15665-绝地求生：刺激战场-移动平台合作运营(深圳),深圳
设计类,1,2019-03-13,position_detail.php?id=48176&keywords=&tid=0&lid=0,15611-WarSong 3D角色美术设计（深圳）,深圳
职能类,1,2019-03-13,position_detail.php?id=48177&keywords=&tid=0&lid=0,S2-PCG风控经理(北京）,北京
设计类,5,2019-03-13,position_detail.php?id=48178&keywords=&tid=0&lid=0,17229-刺激战场资深3D角色设计师 （深圳）,深圳
技术类,1,2019-03-13,position_detail.php?id=48179&keywords=&tid=0&lid=0,31506-人工智能研究员,深圳
产品/项目类,1,2019-03-13,position_detail.php?id=48180&keywords=&tid=0&lid=0,31506-云安全解决方案架构师（北京）,北京
技术类,5,2019-03-13,position_detail.php?id=48170&keywords=&tid=0&lid=0,22989-腾讯云高级前端开发工程师（深圳3.23专场招聘会）,深圳
职能类,1,2019-03-13,position_detail.php?id=48171&keywords=&tid=0&lid=0,S2-预算及管理分析（深圳）,深圳
技术类,1,2019-03-13,position_detail.php?id=48172&keywords=&tid=0&lid=0,GY0-【国际业务部】Android音视频开发工程师（深圳）,深圳
设计类,3,2019-03-13,position_detail.php?id=48173&keywords=&tid=0&lid=0,17229-刺激战场-动画设计师（深圳）,深圳
产品/项目类,1,2019-03-13,position_detail.php?id=48174&keywords=&tid=0&lid=0,15665-绝地求生：刺激战场-社区内容运营(深圳),深圳
产品/项目类,1,2019-03-13,position_detail.php?id=48164&keywords=&tid=0&lid=0,29777-互联网金融行业产品经理,深圳
设计类,2,2019-03-13,position_detail.php?id=48166&keywords=&tid=0&lid=0,24987-3D场景美术（上海）,上海
产品/项目类,1,2019-03-13,position_detail.php?id=48167&keywords=&tid=0&lid=0,19511-高级游戏研究经理（深圳）,深圳
技术类,1,2019-03-13,position_detail.php?id=48168&keywords=&tid=0&lid=0,20354-腾讯云安全产品Web前端开发,深圳
技术类,5,2019-03-13,position_detail.php?id=48169&keywords=&tid=0&lid=0,22989-腾讯云高级后台开发工程师（深圳3.23专场招聘会）,深圳
产品/项目类,1,2019-03-13,position_detail.php?id=48160&keywords=&tid=0&lid=0,PCG15-语音直播商业化产品经理（深圳）,深圳
产品/项目类,1,2019-03-13,position_detail.php?id=48161&keywords=&tid=0&lid=0,PCG15-语音直播用户运营经理（深圳）,深圳
产品/项目类,1,2019-03-13,position_detail.php?id=48162&keywords=&tid=0&lid=0,PCG15-语音社区运营经理（深圳）,深圳
职能类,1,2019-03-13,position_detail.php?id=48163&keywords=&tid=0&lid=0,29314-合资公司CFO（北京）,北京
技术类,2,2019-03-13,position_detail.php?id=48158&keywords=&tid=0&lid=0,TEG09-高级系统测试工程师（深圳）,深圳
产品/项目类,1,2019-03-13,position_detail.php?id=48159&keywords=&tid=0&lid=0,CSIG15-产品策划经理,深圳
技术类,1,2019-03-13,position_detail.php?id=48153&keywords=&tid=0&lid=0,SD3-手游后台开发工程师（深圳）,深圳
技术类,2,2019-03-13,position_detail.php?id=48154&keywords=&tid=0&lid=0,SD3-手游客户端开发工程师（深圳）,深圳
产品/项目类,1,2019-03-13,position_detail.php?id=48155&keywords=&tid=0&lid=0,SD3-互娱高级游戏策划(深圳),深圳
设计类,1,2019-03-13,position_detail.php?id=48156&keywords=&tid=0&lid=0,SD3-游戏研发3D特效（深圳）,深圳
技术类,2,2019-03-13,position_detail.php?id=48157&keywords=&tid=0&lid=0,TEG09-P2P后台开发工程师(深圳）,深圳
技术类,2,2019-03-13,position_detail.php?id=48148&keywords=&tid=0&lid=0,SD3-PUBG MOBILE 高级服务器开发工程师(深圳),深圳
设计类,1,2019-03-13,position_detail.php?id=48149&keywords=&tid=0&lid=0,SD3-PUBG MOBILE 高级2D角色原画设计师（深圳）,深圳
设计类,1,2019-03-13,position_detail.php?id=48150&keywords=&tid=0&lid=0,SD3-PUBG MOBILE 高级3D动作设计师（深圳）,深圳
设计类,1,2019-03-13,position_detail.php?id=48151&keywords=&tid=0&lid=0,SD3-PUBG MOBILE 高级3D次世代角色设计师（深圳）,深圳
设计类,1,2019-03-13,position_detail.php?id=48152&keywords=&tid=0&lid=0,SD3-PUBG MOBILE 高级3D特效设计师（深圳）,深圳
技术类,1,2019-03-13,position_detail.php?id=48143&keywords=&tid=0&lid=0,27092-后台研发工程师-短视频方向（深圳）,深圳
技术类,1,2019-03-13,position_detail.php?id=48144&keywords=&tid=0&lid=0,27092-后台研发工程师-数据开发方向（深圳）,深圳
市场类,1,2019-03-13,position_detail.php?id=48145&keywords=&tid=0&lid=0,29300-影视渠道营销经理,北京
技术类,3,2019-03-13,position_detail.php?id=48146&keywords=&tid=0&lid=0,31871-物料质量管控工程师,深圳
技术类,3,2019-03-13,position_detail.php?id=48147&keywords=&tid=0&lid=0,22989-经营平台后台开发,深圳
,1,2019-03-13,position_detail.php?id=48138&keywords=&tid=0&lid=0,TB-投资流程管控经理（深圳）,深圳
,2,2019-03-13,position_detail.php?id=48139&keywords=&tid=0&lid=0,TB-文档管理员（深圳）,深圳
,1,2019-03-13,position_detail.php?id=48140&keywords=&tid=0&lid=0,TB-数据质量维护专员（深圳）,深圳
产品/项目类,1,2019-03-13,position_detail.php?id=48141&keywords=&tid=0&lid=0,27092-腾讯手游助手平台运营,深圳
产品/项目类,1,2019-03-13,position_detail.php?id=48142&keywords=&tid=0&lid=0,27092-内容商业化运营经理/高级运营经理,深圳
技术类,1,2019-03-13,position_detail.php?id=48133&keywords=&tid=0&lid=0,CSIG16-腾讯自动驾驶现场实施工程师,北京
技术类,1,2019-03-13,position_detail.php?id=48134&keywords=&tid=0&lid=0,CSIG16-腾讯自动驾驶高级算法移植软件工程师,北京
技术类,1,2019-03-13,position_detail.php?id=48135&keywords=&tid=0&lid=0,CSIG16-地图众包Android客户端研发工程师,北京
技术类,1,2019-03-13,position_detail.php?id=48136&keywords=&tid=0&lid=0,CSIG16-众包后台研发高级工程师（北京）,北京
市场类,1,2019-03-13,position_detail.php?id=48137&keywords=&tid=0&lid=0,WXG10-321 企业微信商务推广经理（广州-教育行业）,广州
产品/项目类,1,2019-03-13,position_detail.php?id=48128&keywords=&tid=0&lid=0,PCG09-信息流生活垂类产品运营,北京
产品/项目类,1,2019-03-13,position_detail.php?id=48129&keywords=&tid=0&lid=0,PCG09-信息流生活垂类产品运营,北京
产品/项目类,2,2019-03-13,position_detail.php?id=48130&keywords=&tid=0&lid=0,27647-剧本编审（北京）,北京
技术类,1,2019-03-13,position_detail.php?id=48132&keywords=&tid=0&lid=0,CSIG16-腾讯自动驾驶全栈开发工程师,北京
产品/项目类,1,2019-03-13,position_detail.php?id=48122&keywords=&tid=0&lid=0,15573-全球化SLG社区运营（上海）,上海
产品/项目类,1,2019-03-13,position_detail.php?id=48123&keywords=&tid=0&lid=0,15573-全球化SLG市场推广策划（上海）,上海
设计类,1,2019-03-13,position_detail.php?id=48124&keywords=&tid=0&lid=0,CSIG08-高级UI视觉设计师（广州）,广州
产品/项目类,1,2019-03-13,position_detail.php?id=48125&keywords=&tid=0&lid=0,30623-腾讯广告联盟广告效果行业运营经理（北京）,北京
产品/项目类,1,2019-03-13,position_detail.php?id=48126&keywords=&tid=0&lid=0,23671-短视频项目管理(北京）,北京
产品/项目类,1,2019-03-13,position_detail.php?id=48117&keywords=&tid=0&lid=0,23671-短视频运营管理工具(CMS)产品经理（深圳）,深圳
产品/项目类,1,2019-03-13,position_detail.php?id=48118&keywords=&tid=0&lid=0,23671-短视频创作者工具产品经理（深圳）,深圳
设计类,1,2019-03-13,position_detail.php?id=48120&keywords=&tid=0&lid=0,21062-Q版原画主美（上海）,上海
设计类,1,2019-03-13,position_detail.php?id=48121&keywords=&tid=0&lid=0,21062-Q版原画设计（上海）,上海
产品/项目类,1,2019-03-13,position_detail.php?id=48111&keywords=&tid=0&lid=0,CSIG08-用户增长产品经理（广州）,广州
职能类,1,2019-03-13,position_detail.php?id=48112&keywords=&tid=0&lid=0,TEG-招聘经理（深圳）,深圳
市场类,1,2019-03-13,position_detail.php?id=48113&keywords=&tid=0&lid=0,23671-企鹅号粉丝运营经理（北京）,北京
市场类,1,2019-03-13,position_detail.php?id=48114&keywords=&tid=0&lid=0,23671-企鹅号艺人宣传（北京）,北京
技术类,3,2019-03-13,position_detail.php?id=48115&keywords=&tid=0&lid=0,PCG16-信息流推荐算法高级研究员,深圳
产品/项目类,1,2019-03-13,position_detail.php?id=48116&keywords=&tid=0&lid=0,PCG16-信息流广告商业数据分析,深圳
技术类,1,2019-03-13,position_detail.php?id=48107&keywords=&tid=0&lid=0,15618-客户端开发工程师（上海）,上海
技术类,1,2019-03-13,position_detail.php?id=48108&keywords=&tid=0&lid=0,15618-引擎图形渲染开发工程师（上海）,上海
技术类,2,2019-03-13,position_detail.php?id=48109&keywords=&tid=0&lid=0,TEG11-自然语言处理研究员(北京),北京
产品/项目类,1,2019-03-13,position_detail.php?id=48110&keywords=&tid=0&lid=0,GY0-【国际业务部】海外ToB业务产品运营经理（深圳）,深圳
技术类,1,2019-03-13,position_detail.php?id=48103&keywords=&tid=0&lid=0,PCG10-Android客户端开发（合肥）,合肥
技术类,1,2019-03-13,position_detail.php?id=48104&keywords=&tid=0&lid=0,CSIG02-腾讯云交付技术leader（深圳）,深圳
技术类,1,2019-03-13,position_detail.php?id=48105&keywords=&tid=0&lid=0,CSIG02-腾讯云运维leader（深圳）,深圳
产品/项目类,1,2019-03-13,position_detail.php?id=48106&keywords=&tid=0&lid=0,15614-游戏项目经理,上海
产品/项目类,1,2019-03-13,position_detail.php?id=48097&keywords=&tid=0&lid=0,TME-高级数据科学家 - 数据驱动（深圳）,深圳
产品/项目类,1,2019-03-13,position_detail.php?id=48098&keywords=&tid=0&lid=0,TME-QQ音乐数据产品经理,深圳
技术类,1,2019-03-13,position_detail.php?id=48099&keywords=&tid=0&lid=0,PCG04-WEB前端开发（深圳）,深圳
产品/项目类,1,2019-03-13,position_detail.php?id=48100&keywords=&tid=0&lid=0,15665-欧美游戏IP经理(深圳),深圳
技术类,1,2019-03-13,position_detail.php?id=48101&keywords=&tid=0&lid=0,15579-游戏后台开发工程师（深圳）,深圳
技术类,10,2019-03-13,position_detail.php?id=48102&keywords=&tid=0&lid=0,15579-移动游戏客户端开发工程师（深圳）,深圳
产品/项目类,1,2019-03-13,position_detail.php?id=48091&keywords=&tid=0&lid=0,30360-社交产品平台项目经理,深圳
技术类,1,2019-03-13,position_detail.php?id=48092&keywords=&tid=0&lid=0,26699-智慧零售业务中心开发组长（上海or深圳）,深圳
产品/项目类,1,2019-03-13,position_detail.php?id=48093&keywords=&tid=0&lid=0,PCG10-搜索直达策略产品经理,深圳
产品/项目类,1,2019-03-13,position_detail.php?id=48094&keywords=&tid=0&lid=0,PCG10-搜索直达数据产品经理,深圳
技术类,1,2019-03-13,position_detail.php?id=48095&keywords=&tid=0&lid=0,PCG10-NLP算法工程师（搜索方向）,深圳
产品/项目类,1,2019-03-13,position_detail.php?id=48096&keywords=&tid=0&lid=0,TME-数据专家 - 定制化需求分析（深圳）,深圳
产品/项目类,1,2019-03-13,position_detail.php?id=48085&keywords=&tid=0&lid=0,22989-腾讯云平台高级产品经理（产品策划方向）（深圳）,深圳
技术类,1,2019-03-13,position_detail.php?id=48086&keywords=&tid=0&lid=0,WXG08-122 微信推荐自然语言处理算法工程师（北京）,北京
市场类,1,2019-03-13,position_detail.php?id=48087&keywords=&tid=0&lid=0,17759-腾讯视频商务合作经理,北京
产品/项目类,1,2019-03-13,position_detail.php?id=48088&keywords=&tid=0&lid=0,27556-开放世界RPG手游内容运营（深圳）,深圳
产品/项目类,1,2019-03-13,position_detail.php?id=48089&keywords=&tid=0&lid=0,27556-开放世界RPG手游高级数据分析师（深圳）,深圳
技术类,1,2019-03-13,position_detail.php?id=48090&keywords=&tid=0&lid=0,20354-腾讯云安全攻防研究员,深圳
设计类,1,2019-03-13,position_detail.php?id=48080&keywords=&tid=0&lid=0,24987-3D游戏角色,上海
技术类,3,2019-03-13,position_detail.php?id=48081&keywords=&tid=0&lid=0,22989-视频云后台开发工程师,深圳
技术类,2,2019-03-13,position_detail.php?id=48082&keywords=&tid=0&lid=0,22989-云售后运维工程师(北京/上海/深圳)（深圳总部）,深圳
职能类,5,2019-03-13,position_detail.php?id=48083&keywords=&tid=0&lid=0,S2-集团审计经理（深圳）,深圳
技术类,3,2019-03-13,position_detail.php?id=48084&keywords=&tid=0&lid=0,30359-后台开发工程师（深圳）,深圳
技术类,1,2019-03-13,position_detail.php?id=48075&keywords=&tid=0&lid=0,CSIG16-python高级研发工程师,北京
技术类,1,2019-03-13,position_detail.php?id=48076&keywords=&tid=0&lid=0,CSIG16-基础架构工程师（北京）,北京
职能类,1,2019-03-13,position_detail.php?id=48077&keywords=&tid=0&lid=0,ZSC-专利工程师,深圳
职能类,1,2019-03-13,position_detail.php?id=48078&keywords=&tid=0&lid=0,27259-高级研究员,北京
技术类,1,2019-03-13,position_detail.php?id=48079&keywords=&tid=0&lid=0,CSIG16-位置服务后台开发高级工程师,北京
技术类,1,2019-03-13,position_detail.php?id=48069&keywords=&tid=0&lid=0,25927-高级测试开发工程师（深圳）,深圳
职能类,1,2019-03-13,position_detail.php?id=48070&keywords=&tid=0&lid=0,S2-PCG税务管理经理(北京),北京
技术类,2,2019-03-13,position_detail.php?id=48071&keywords=&tid=0&lid=0,30628-腾讯广告开放平台服务端PHP开发工程师（深圳）,深圳
技术类,1,2019-03-13,position_detail.php?id=48072&keywords=&tid=0&lid=0,20354-业务运维工程师 ,深圳
产品/项目类,1,2019-03-13,position_detail.php?id=48073&keywords=&tid=0&lid=0,CSIG16-智能交通数据分析产品经理,北京
技术类,1,2019-03-13,position_detail.php?id=48074&keywords=&tid=0&lid=0,CSIG16-智能交通算法高级工程师,北京
职能类,1,2019-03-13,position_detail.php?id=48064&keywords=&tid=0&lid=0,TEG16-高级秘书（深圳）,深圳
内容编辑类,1,2019-03-13,position_detail.php?id=48065&keywords=&tid=0&lid=0,TEG16-内容运营经理,深圳
产品/项目类,1,2019-03-13,position_detail.php?id=48066&keywords=&tid=0&lid=0,21062-高级游戏项目经理（上海）,上海
技术类,1,2019-03-13,position_detail.php?id=48067&keywords=&tid=0&lid=0,25927-高级移动客户端开发工程师,上海
技术类,1,2019-03-13,position_detail.php?id=48068&keywords=&tid=0&lid=0,25927-游戏测试经理（深圳）,深圳
产品/项目类,1,2019-03-13,position_detail.php?id=48059&keywords=&tid=0&lid=0,TEG12-运营支撑系统高级产品经理（深圳）,深圳
市场类,1,2019-03-13,position_detail.php?id=48060&keywords=&tid=0&lid=0,WXG09-高级市场营销经理（体育营销方向）,广州
技术类,1,2019-03-13,position_detail.php?id=48061&keywords=&tid=0&lid=0,WXG08-122 图像视频算法研究员,北京
设计类,1,2019-03-13,position_detail.php?id=48062&keywords=&tid=0&lid=0,15583-3d动画特效设计,深圳
技术类,2,2019-03-13,position_detail.php?id=48063&keywords=&tid=0&lid=0,15583-Unity游戏开发工程师(深圳),深圳
产品/项目类,1,2019-03-13,position_detail.php?id=48054&keywords=&tid=0&lid=0,30933-海外PM（深圳）,深圳
职能类,1,2019-03-13,position_detail.php?id=48055&keywords=&tid=0&lid=0,CDG-组织发展经理,深圳
技术类,1,2019-03-13,position_detail.php?id=48056&keywords=&tid=0&lid=0,31506-腾讯云运营开发工程师,深圳
产品/项目类,1,2019-03-13,position_detail.php?id=48057&keywords=&tid=0&lid=0,31458-通讯金融产品策划岗位招聘,深圳
技术类,1,2019-03-13,position_detail.php?id=48058&keywords=&tid=0&lid=0,30628-腾讯广告系统后台开发高级工程师（研发中心-北京）,北京
技术类,2,2019-03-13,position_detail.php?id=48049&keywords=&tid=0&lid=0,25663-腾讯云泛互联网后台开发高级工程师（深圳）,深圳
技术类,1,2019-03-13,position_detail.php?id=48050&keywords=&tid=0&lid=0,CSIG16-搜索引擎高级架构师,北京
职能类,1,2019-03-13,position_detail.php?id=48051&keywords=&tid=0&lid=0,S2-FIT财务管理（深圳）,深圳
产品/项目类,1,2019-03-13,position_detail.php?id=48052&keywords=&tid=0&lid=0,CSIG02-腾讯云教育行业总监（北京/深圳）,深圳
产品/项目类,1,2019-03-13,position_detail.php?id=48053&keywords=&tid=0&lid=0,CSIG02-腾讯云高校产品经理（深圳）,深圳
职能类,1,2019-03-13,position_detail.php?id=48039&keywords=&tid=0&lid=0,27441-投资公司管理经理（深圳）,深圳
技术类,1,2019-03-13,position_detail.php?id=48040&keywords=&tid=0&lid=0,25663-泛互联网高级后台工程师(深圳),深圳
,1,2019-03-13,position_detail.php?id=48042&keywords=&tid=0&lid=0,30934-海外公共关系及推广经理/资深经理 Manager/Senior Manager of Public Relations and Promotion ,深圳
市场类,1,2019-03-13,position_detail.php?id=48043&keywords=&tid=0&lid=0,30934-海外社群内容策略关系管理经理 Community Strategy Manager（深圳总部）,深圳
市场类,1,2019-03-13,position_detail.php?id=48045&keywords=&tid=0&lid=0,30934-海外市场传讯资深经理 Senior Manager of Marketing Communication ,深圳
产品/项目类,1,2019-03-13,position_detail.php?id=48047&keywords=&tid=0&lid=0,30934-海外市场推广项目经理 Project Manager of International Marketing ,深圳
产品/项目类,1,2019-03-13,position_detail.php?id=48034&keywords=&tid=0&lid=0,23671-企鹅号产品经理-洞察工具CP管理（北京）,北京
产品/项目类,1,2019-03-13,position_detail.php?id=48035&keywords=&tid=0&lid=0,29912-短视频项目经理,深圳
设计类,1,2019-03-13,position_detail.php?id=48036&keywords=&tid=0&lid=0,29923-社交产品交互设计师(深圳）,深圳
产品/项目类,1,2019-03-13,position_detail.php?id=48037&keywords=&tid=0&lid=0,27192-互娱用户研究项目经理,深圳
产品/项目类,1,2019-03-13,position_detail.php?id=48038&keywords=&tid=0&lid=0,27192-互娱用户研究产品经理,深圳
产品/项目类,1,2019-03-13,position_detail.php?id=48029&keywords=&tid=0&lid=0,23671-企鹅号产品经理-CP激励机制（北京）,北京
产品/项目类,1,2019-03-13,position_detail.php?id=48030&keywords=&tid=0&lid=0,23671-企鹅号产品经理-OM平台建设（北京）,北京
产品/项目类,1,2019-03-13,position_detail.php?id=48031&keywords=&tid=0&lid=0,23671-企鹅号产品经理-OM发文能力（北京）,北京
产品/项目类,1,2019-03-13,position_detail.php?id=48032&keywords=&tid=0&lid=0,23671-企鹅号产品经理-CP活跃&增长(北京）,北京
产品/项目类,1,2019-03-13,position_detail.php?id=48033&keywords=&tid=0&lid=0,23671-企鹅号产品经理-洞察工具CRM（北京）,北京
技术类,1,2019-03-13,position_detail.php?id=48023&keywords=&tid=0&lid=0,28937-移动游戏测试工程师（北京）,北京
技术类,1,2019-03-13,position_detail.php?id=48024&keywords=&tid=0&lid=0,23671-短视频后台开发leader,深圳
技术类,1,2019-03-13,position_detail.php?id=48025&keywords=&tid=0&lid=0,TEG14-社交业务后台开发工程师,深圳
技术类,2,2019-03-13,position_detail.php?id=48026&keywords=&tid=0&lid=0,TEG14-Elasticsearch研发工程师,深圳
产品/项目类,2,2019-03-13,position_detail.php?id=48027&keywords=&tid=0&lid=0,29912-微视产品策划,深圳
产品/项目类,2,2019-03-13,position_detail.php?id=48028&keywords=&tid=0&lid=0,29912-产品运营,深圳
设计类,1,2019-03-13,position_detail.php?id=48018&keywords=&tid=0&lid=0,15612-手游高级场景原画（深圳）,深圳
设计类,1,2019-03-13,position_detail.php?id=48019&keywords=&tid=0&lid=0,15612-手游场景原画（深圳）,深圳
设计类,1,2019-03-13,position_detail.php?id=48020&keywords=&tid=0&lid=0,15612-手游高级角色原画（深圳）,深圳
设计类,1,2019-03-13,position_detail.php?id=48021&keywords=&tid=0&lid=0,15612-手游角色原画（深圳）,深圳
产品/项目类,1,2019-03-13,position_detail.php?id=48022&keywords=&tid=0&lid=0,15612-资深系统策划（深圳）,深圳
技术类,3,2019-03-13,position_detail.php?id=48012&keywords=&tid=0&lid=0,15612-手游客户端开发工程师（深圳）,深圳
市场类,1,2019-03-13,position_detail.php?id=48013&keywords=&tid=0&lid=0,15774-游戏产品市场分析经理（深圳）,深圳
设计类,1,2019-03-13,position_detail.php?id=48014&keywords=&tid=0&lid=0,15612-手游3D特效设计师（深圳）,深圳
设计类,2,2019-03-13,position_detail.php?id=48015&keywords=&tid=0&lid=0,15612-手游3D动作设计师（深圳）,深圳
设计类,1,2019-03-13,position_detail.php?id=48016&keywords=&tid=0&lid=0,15612-手游高级UI设计师（深圳）,深圳
设计类,2,2019-03-13,position_detail.php?id=48017&keywords=&tid=0&lid=0,15612-手游UI设计师（深圳）,深圳
产品/项目类,1,2019-03-13,position_detail.php?id=48006&keywords=&tid=0&lid=0,18402-移动游戏本地化,深圳
设计类,1,2019-03-13,position_detail.php?id=48007&keywords=&tid=0&lid=0,24987-3D游戏角色,上海
设计类,1,2019-03-13,position_detail.php?id=48008&keywords=&tid=0&lid=0,15712-游戏高级交互设计师（深圳）,深圳
技术类,1,2019-03-13,position_detail.php?id=48009&keywords=&tid=0&lid=0,27216-腾讯乘车码高级开发工程师,深圳
产品/项目类,1,2019-03-13,position_detail.php?id=48010&keywords=&tid=0&lid=0,15612-版本运营策划（深圳）,深圳
技术类,3,2019-03-13,position_detail.php?id=48011&keywords=&tid=0&lid=0,15612-手游后台高级工程师（深圳）,深圳
市场类,1,2019-03-13,position_detail.php?id=48001&keywords=&tid=0&lid=0,29311-腾讯安全品牌经理（深圳）,深圳
产品/项目类,1,2019-03-13,position_detail.php?id=48002&keywords=&tid=0&lid=0,31504-服务产品中心高级项目经理,深圳
设计类,1,2019-03-13,position_detail.php?id=48003&keywords=&tid=0&lid=0,22989-腾讯云设计中心-高级交互设计师（成都）,成都
产品/项目类,1,2019-03-13,position_detail.php?id=48004&keywords=&tid=0&lid=0,22989-AI高级产品运营经理（AI服务平台产品）,深圳
产品/项目类,1,2019-03-13,position_detail.php?id=48005&keywords=&tid=0&lid=0,27556-开放世界RPG手游平台合作,深圳
设计类,1,2019-03-13,position_detail.php?id=47995&keywords=&tid=0&lid=0,29923-高级视觉设计师,深圳
内容编辑类,2,2019-03-13,position_detail.php?id=47996&keywords=&tid=0&lid=0,16810-腾讯动漫原创编辑,北京
产品/项目类,1,2019-03-13,position_detail.php?id=47997&keywords=&tid=0&lid=0,30628-腾讯营销咨询工具平台产品经理（上海）,上海
产品/项目类,1,2019-03-13,position_detail.php?id=47998&keywords=&tid=0&lid=0,18402-MMO手游-平台渠道运营,深圳
市场类,1,2019-03-13,position_detail.php?id=48000&keywords=&tid=0&lid=0,25668-腾讯云金融行业高级市场经理（深圳）,深圳
技术类,2,2019-03-13,position_detail.php?id=47988&keywords=&tid=0&lid=0,TEG05-应用运维安全开发工程师（深圳）,深圳
产品/项目类,1,2019-03-13,position_detail.php?id=47989&keywords=&tid=0&lid=0,21087-端游游戏运营策划(深圳）,深圳
技术类,1,2019-03-13,position_detail.php?id=47990&keywords=&tid=0&lid=0,31458-通讯业务研发工程师,深圳
技术类,1,2019-03-13,position_detail.php?id=47993&keywords=&tid=0&lid=0,PCG17-QQ钱包支付后台开发工程师（深圳）,深圳
技术类,1,2019-03-13,position_detail.php?id=47994&keywords=&tid=0&lid=0,16810-动漫平台iOS开发工程师（深圳）,深圳
产品/项目类,1,2019-03-13,position_detail.php?id=47982&keywords=&tid=0&lid=0,15602-回合策略游戏系统策划（深圳）,深圳
内容编辑类,1,2019-03-13,position_detail.php?id=47983&keywords=&tid=0&lid=0,22851-漫画编辑（北京）,北京
技术类,1,2019-03-13,position_detail.php?id=47984&keywords=&tid=0&lid=0,28937-移动游戏测试工程师（北京）,北京
产品/项目类,1,2019-03-13,position_detail.php?id=47985&keywords=&tid=0&lid=0,29777-金融科技产品经理,深圳
市场类,2,2019-03-13,position_detail.php?id=47986&keywords=&tid=0&lid=0,19837-电影区域发行经理（北京）,北京
市场类,1,2019-03-13,position_detail.php?id=47987&keywords=&tid=0&lid=0,30624-腾讯广告白酒行业广告销售经理（深圳）,深圳
技术类,1,2019-03-13,position_detail.php?id=47975&keywords=&tid=0&lid=0,22989-大数据和人工智能交付架构师（北京/深圳/上海）,上海
产品/项目类,3,2019-03-13,position_detail.php?id=47976&keywords=&tid=0&lid=0,22989-专有云产品策划经理,深圳
产品/项目类,1,2019-03-13,position_detail.php?id=47977&keywords=&tid=0&lid=0,CSIG02-智慧教育售前工程师(北京),北京
技术类,3,2019-03-13,position_detail.php?id=47979&keywords=&tid=0&lid=0,23671-短视频大数据分析开发（深圳）,深圳
职能类,2,2019-03-13,position_detail.php?id=47980&keywords=&tid=0&lid=0,S2-账务中心高级会计（深圳）,深圳
产品/项目类,2,2019-03-13,position_detail.php?id=47970&keywords=&tid=0&lid=0,PCG09-创新产品经理,深圳
职能类,1,2019-03-13,position_detail.php?id=47971&keywords=&tid=0&lid=0,26832-Global HR Trainee,深圳
职能类,1,2019-03-13,position_detail.php?id=47972&keywords=&tid=0&lid=0,BJ-员工福利运营经理（北京）,北京
技术类,1,2019-03-13,position_detail.php?id=47973&keywords=&tid=0&lid=0,CSIG15-智能助手web前端开发工程师（深圳）,深圳
产品/项目类,1,2019-03-13,position_detail.php?id=47974&keywords=&tid=0&lid=0,29777-腾讯云高级运营经理（深圳）,深圳
产品/项目类,1,2019-03-13,position_detail.php?id=47965&keywords=&tid=0&lid=0,26564-游戏社区APP产品策划（深圳）,深圳
技术类,1,2019-03-13,position_detail.php?id=47966&keywords=&tid=0&lid=0,20016-天美手游高级测试工程师,深圳
产品/项目类,1,2019-03-13,position_detail.php?id=47967&keywords=&tid=0&lid=0,18302-手游制作人,深圳
技术类,1,2019-03-13,position_detail.php?id=47968&keywords=&tid=0&lid=0,TEG05-高级数据挖掘工程师（深圳）,深圳
技术类,2,2019-03-13,position_detail.php?id=47969&keywords=&tid=0&lid=0,TEG05-高级安全策略工程师（深圳）,深圳
市场类,1,2019-03-13,position_detail.php?id=47961&keywords=&tid=0&lid=0,21309-腾讯教育科技有限公司销售总监（武汉）,武汉
技术类,1,2019-03-13,position_detail.php?id=47962&keywords=&tid=0&lid=0,PCG10-浏览器搜索广告算法（高级）研究员 ,深圳
市场类,1,2019-03-13,position_detail.php?id=47963&keywords=&tid=0&lid=0,14914-品牌营销经理（深圳）,深圳
产品/项目类,2,2019-03-13,position_detail.php?id=47964&keywords=&tid=0&lid=0,HY3-虚拟偶像策划运营,深圳
技术类,1,2019-03-13,position_detail.php?id=47956&keywords=&tid=0&lid=0,29912-增长后台开发工程师,深圳
技术类,1,2019-03-13,position_detail.php?id=47959&keywords=&tid=0&lid=0,CSIG16-腾讯地图高级研发工程师,北京
技术类,2,2019-03-13,position_detail.php?id=47960&keywords=&tid=0&lid=0,19332-企点大数据开发工程师（上海）,上海
技术类,2,2019-03-13,position_detail.php?id=47952&keywords=&tid=0&lid=0,23294-互娱手游电竞运营开发工程师(深圳),深圳
产品/项目类,1,2019-03-13,position_detail.php?id=47953&keywords=&tid=0&lid=0,WXG03-212 小程序产品经理（广州）,广州
产品/项目类,1,2019-03-13,position_detail.php?id=47954&keywords=&tid=0&lid=0,15605-手游系统策划（深圳）,深圳
技术类,1,2019-03-13,position_detail.php?id=47955&keywords=&tid=0&lid=0,29912-增长算法岗,深圳
技术类,2,2019-03-13,position_detail.php?id=47947&keywords=&tid=0&lid=0,25663-泛互联网解决方案架构师（北京）,北京
产品/项目类,2,2019-03-13,position_detail.php?id=47948&keywords=&tid=0&lid=0,19511-游戏学院内部培训经理（深圳）,深圳
技术类,1,2019-03-13,position_detail.php?id=47949&keywords=&tid=0&lid=0,30361-WEB前端工程师,深圳
产品/项目类,1,2019-03-13,position_detail.php?id=47950&keywords=&tid=0&lid=0,27193-互娱创意设计项目管理,深圳
市场类,1,2019-03-13,position_detail.php?id=47951&keywords=&tid=0&lid=0,HY6-互娱市场策划与推广(成都),成都
产品/项目类,1,2019-03-13,position_detail.php?id=47940&keywords=&tid=0&lid=0,19407-移动游戏平台合作,上海
产品/项目类,1,2019-03-13,position_detail.php?id=47941&keywords=&tid=0&lid=0,TME-全民K歌平台产品运营（深圳）,深圳
产品/项目类,1,2019-03-13,position_detail.php?id=47943&keywords=&tid=0&lid=0,15665-公共协调项目管理经理(深圳),深圳
技术类,1,2019-03-13,position_detail.php?id=47944&keywords=&tid=0&lid=0,29777-金融云互联网金融售前架构师（深圳/北京/上海）（深圳）,深圳
职能类,1,2019-03-13,position_detail.php?id=47945&keywords=&tid=0&lid=0,S2-FIT财务管理（深圳）,深圳
技术类,1,2019-03-13,position_detail.php?id=47946&keywords=&tid=0&lid=0,30628-腾讯广告Java开发工程师（深圳）,深圳
产品/项目类,1,2019-03-13,position_detail.php?id=47935&keywords=&tid=0&lid=0,25664-政府行业产品经理,深圳
技术类,1,2019-03-13,position_detail.php?id=47936&keywords=&tid=0&lid=0,22989-大数据AI综合应用资深后台开发工程师,杭州
技术类,1,2019-03-13,position_detail.php?id=47937&keywords=&tid=0&lid=0,22989-AI产品高级后台软件开发工程师,深圳
技术类,1,2019-03-13,position_detail.php?id=47938&keywords=&tid=0&lid=0,22989-腾讯云中间件Devops平台后台开发组长 （深圳),深圳
产品/项目类,1,2019-03-13,position_detail.php?id=47939&keywords=&tid=0&lid=0,19407-移动游戏数据分析,上海
产品/项目类,1,2019-03-13,position_detail.php?id=47928&keywords=&tid=0&lid=0,CSIG16-腾讯地图生活服务产品经理,北京
产品/项目类,1,2019-03-13,position_detail.php?id=47929&keywords=&tid=0&lid=0,CSIG16-腾讯地图合作产品策划,北京
产品/项目类,1,2019-03-13,position_detail.php?id=47930&keywords=&tid=0&lid=0,CSIG16-地图搜索产品经理,北京
产品/项目类,1,2019-03-13,position_detail.php?id=47932&keywords=&tid=0&lid=0,31506-云安全项目经理（深圳/北京）（深圳总部）,深圳
产品/项目类,1,2019-03-13,position_detail.php?id=47933&keywords=&tid=0&lid=0,31506-云安全项目经理（深圳/北京）（北京）,北京
产品/项目类,1,2019-03-13,position_detail.php?id=47934&keywords=&tid=0&lid=0,25664-市场推广经理,深圳
职能类,1,2019-03-13,position_detail.php?id=47922&keywords=&tid=0&lid=0,RP-共享服务运营高级经理（深圳）,深圳
技术类,3,2019-03-13,position_detail.php?id=47923&keywords=&tid=0&lid=0,TME-腾讯音乐多媒体AI研究员（深圳）,深圳
技术类,1,2019-03-13,position_detail.php?id=47924&keywords=&tid=0&lid=0,25927-WeTest云平台资深架构师（上海）,上海
产品/项目类,1,2019-03-13,position_detail.php?id=47925&keywords=&tid=0&lid=0,30628-腾讯广告平台高级产品经理（上海）,上海
技术类,1,2019-03-13,position_detail.php?id=47926&keywords=&tid=0&lid=0,30628-腾讯数据管理Java应用研发工程师（北京）,北京
产品/项目类,1,2019-03-13,position_detail.php?id=47927&keywords=&tid=0&lid=0,CSIG16-腾讯地图渠道运营,北京
产品/项目类,1,2019-03-13,position_detail.php?id=47916&keywords=&tid=0&lid=0,23671-企鹅号内容货架产品经理（深圳）,深圳
职能类,1,2019-03-13,position_detail.php?id=47917&keywords=&tid=0&lid=0,TA-培训经理（深圳）,深圳
职能类,1,2019-03-13,position_detail.php?id=47919&keywords=&tid=0&lid=0,29316-沟通传播文化专家（深圳）,深圳
技术类,1,2019-03-13,position_detail.php?id=47920&keywords=&tid=0&lid=0,21557-音视频网络技术高级开发工程师（深圳）,深圳
职能类,1,2019-03-13,position_detail.php?id=47921&keywords=&tid=0&lid=0,29316-CSIG-培训经理（深圳）,深圳
产品/项目类,1,2019-03-13,position_detail.php?id=47911&keywords=&tid=0&lid=0,30933-主数值策划,深圳
产品/项目类,1,2019-03-13,position_detail.php?id=47912&keywords=&tid=0&lid=0,30933-主系统策划（社交方向）,深圳
职能类,1,2019-03-13,position_detail.php?id=47913&keywords=&tid=0&lid=0,29316-华北区域HRBP（北京）,北京
职能类,1,2019-03-13,position_detail.php?id=47914&keywords=&tid=0&lid=0,29316-HRBP（深圳）,深圳
职能类,1,2019-03-13,position_detail.php?id=47915&keywords=&tid=0&lid=0,CB-高级薪酬经理[长期激励方向]（深圳）,深圳
职能类,1,2019-03-13,position_detail.php?id=47905&keywords=&tid=0&lid=0,26832-海外校园招聘经理（深圳）,深圳
职能类,1,2019-03-13,position_detail.php?id=47906&keywords=&tid=0&lid=0,29316-HRBP（深圳）,深圳
职能类,1,2019-03-13,position_detail.php?id=47907&keywords=&tid=0&lid=0,IEG-组织发展经理,深圳
职能类,1,2019-03-13,position_detail.php?id=47908&keywords=&tid=0&lid=0,IEG-领导力培训经理（深圳）,深圳
职能类,1,2019-03-13,position_detail.php?id=47909&keywords=&tid=0&lid=0,CDG-员工关系经理（深圳）,深圳
职能类,1,2019-03-13,position_detail.php?id=47910&keywords=&tid=0&lid=0,CDG-HRBP-AMS（北京）,北京
产品/项目类,1,2019-03-13,position_detail.php?id=47900&keywords=&tid=0&lid=0,PCG09-信息流策略推荐高级产品经理,深圳
技术类,1,2019-03-13,position_detail.php?id=47901&keywords=&tid=0&lid=0,PCG09-QQ看点数据分析工程师（深圳）,深圳
技术类,1,2019-03-13,position_detail.php?id=47902&keywords=&tid=0&lid=0,PCG09-QQ看点后台开发（深圳）,深圳
技术类,1,2019-03-13,position_detail.php?id=47903&keywords=&tid=0&lid=0,25663-泛互联网解决方案架构师（北京/上海/深圳）（深圳总部）,深圳
职能类,2,2019-03-13,position_detail.php?id=47904&keywords=&tid=0&lid=0,26832-海外招聘经理（深圳）,深圳
技术类,6,2019-03-13,position_detail.php?id=47895&keywords=&tid=0&lid=0,28481-高级前端开发工程师(深圳3.17专场招聘会),深圳
内容编辑类,2,2019-03-13,position_detail.php?id=47896&keywords=&tid=0&lid=0,22851-腾讯视频音乐频道运营编辑（北京）,北京
技术类,1,2019-03-13,position_detail.php?id=47898&keywords=&tid=0&lid=0,PCG10-浏览器功能前端开发工程师,深圳
技术类,1,2019-03-13,position_detail.php?id=47890&keywords=&tid=0&lid=0,30933-高级引擎图形开发工程师/Senior Graphics Engineer,深圳
,1,2019-03-13,position_detail.php?id=47891&keywords=&tid=0&lid=0,27553-高级媒介传播经理,北京
产品/项目类,1,2019-03-13,position_detail.php?id=47892&keywords=&tid=0&lid=0,27553-数据可视化产品策划,深圳
技术类,1,2019-03-13,position_detail.php?id=47893&keywords=&tid=0&lid=0,22086-腾讯体育Android开发工程师（北京）,北京
技术类,8,2019-03-13,position_detail.php?id=47894&keywords=&tid=0&lid=0,28481-高级后台开发工程师(深圳3.17专场招聘会）,深圳
设计类,1,2019-03-13,position_detail.php?id=47884&keywords=&tid=0&lid=0,15569-横版射击手游主美术（深圳）,深圳
设计类,2,2019-03-13,position_detail.php?id=47885&keywords=&tid=0&lid=0,30633-腾讯社交广告视觉设计师（设计中心  深圳）,深圳
产品/项目类,1,2019-03-13,position_detail.php?id=47886&keywords=&tid=0&lid=0,18302-手游制作人,深圳
产品/项目类,1,2019-03-13,position_detail.php?id=47887&keywords=&tid=0&lid=0,18302-新动作手游数值策划（深圳）,深圳
产品/项目类,1,2019-03-13,position_detail.php?id=47888&keywords=&tid=0&lid=0,18302-新动作手游系统策划（深圳）,深圳
产品/项目类,1,2019-03-13,position_detail.php?id=47889&keywords=&tid=0&lid=0,18302-新动作手游角色战斗策划（深圳）,深圳
技术类,1,2019-03-13,position_detail.php?id=47878&keywords=&tid=0&lid=0,PCG04-腾讯PCG研发部架构师（深圳）,深圳
产品/项目类,1,2019-03-13,position_detail.php?id=47880&keywords=&tid=0&lid=0,25927-平台高级产品经理（上海）,上海
技术类,1,2019-03-13,position_detail.php?id=47881&keywords=&tid=0&lid=0,25927-高级测试开发工程师（深圳）,深圳
技术类,1,2019-03-13,position_detail.php?id=47882&keywords=&tid=0&lid=0,25927-游戏测试经理（深圳）,深圳
技术类,1,2019-03-13,position_detail.php?id=47883&keywords=&tid=0&lid=0,22989-腾讯云解决方案架构师-容器服务（上海/北京/深圳/成都）,深圳
市场类,1,2019-03-13,position_detail.php?id=47873&keywords=&tid=0&lid=0,GY0-【国际业务部】海外广告高级销售经理（深圳）,深圳
市场类,1,2019-03-13,position_detail.php?id=47874&keywords=&tid=0&lid=0,GY0-【国际业务部】海外广告运营（深圳）,深圳
技术类,1,2019-03-13,position_detail.php?id=47875&keywords=&tid=0&lid=0,CSIG17-企点系统测试工程师（上海）,上海
产品/项目类,1,2019-03-13,position_detail.php?id=47876&keywords=&tid=0&lid=0,30361-天天P图内容运营（上海）,上海
设计类,1,2019-03-13,position_detail.php?id=47877&keywords=&tid=0&lid=0,18302-高级UI动效设计师（深圳）,深圳
技术类,1,2019-03-13,position_detail.php?id=47872&keywords=&tid=0&lid=0,31504-运营服务管理,深圳
技术类,1,2019-03-13,position_detail.php?id=47868&keywords=&tid=0&lid=0,31504-运营开发工程师,深圳
技术类,1,2019-03-13,position_detail.php?id=47870&keywords=&tid=0&lid=0,22989-数据分析师,深圳
技术类,1,2019-03-13,position_detail.php?id=47871&keywords=&tid=0&lid=0,22989-专有云售前架构师,深圳
产品/项目类,1,2019-03-13,position_detail.php?id=47862&keywords=&tid=0&lid=0,CSIG16-数据生产管理经理,北京
技术类,1,2019-03-13,position_detail.php?id=47863&keywords=&tid=0&lid=0,20354-虚拟化安全工程师,深圳
产品/项目类,1,2019-03-13,position_detail.php?id=47864&keywords=&tid=0&lid=0,15583-互娱游戏策划(深圳),深圳
职能类,1,2019-03-13,position_detail.php?id=47865&keywords=&tid=0&lid=0,FWZ-游戏维权法务（深圳）,深圳
技术类,1,2019-03-13,position_detail.php?id=47866&keywords=&tid=0&lid=0,WXG03-微信开放平台后台策略安全工程师,广州
技术类,1,2019-03-13,position_detail.php?id=47867&keywords=&tid=0&lid=0,31504-后台开发工程师,深圳
技术类,1,2019-03-13,position_detail.php?id=47856&keywords=&tid=0&lid=0,15571-CF手游后台开发工程师,深圳
技术类,1,2019-03-13,position_detail.php?id=47857&keywords=&tid=0&lid=0,TEG09-云架构平台运营开发工程师（深圳）,深圳
设计类,3,2019-03-13,position_detail.php?id=47858&keywords=&tid=0&lid=0,15605-高级3D场景设计师(深圳),深圳
技术类,1,2019-03-13,position_detail.php?id=47861&keywords=&tid=0&lid=0,CSIG16-位置服务后台开发高级工程师,北京
职能类,1,2019-03-13,position_detail.php?id=47848&keywords=&tid=0&lid=0,21532-腾讯音乐基建技术专员（深圳）,深圳
职能类,1,2019-03-13,position_detail.php?id=47849&keywords=&tid=0&lid=0,21532-腾讯音乐办公规划专员（深圳）,深圳
职能类,1,2019-03-13,position_detail.php?id=47850&keywords=&tid=0&lid=0,21532-腾讯音乐福利文化专员（深圳）,深圳
技术类,1,2019-03-13,position_detail.php?id=47851&keywords=&tid=0&lid=0,16810-腾讯动漫运营开发工程师（深圳）,深圳
产品/项目类,1,2019-03-13,position_detail.php?id=47852&keywords=&tid=0&lid=0,19821-影视制片经理(北京）,北京
市场类,1,2019-03-13,position_detail.php?id=47854&keywords=&tid=0&lid=0,"GY0-【国际业务部】Associate Director / Senior Manager, Busienss Strategy(Hong Kong)",香港
技术类,1,2019-03-13,position_detail.php?id=47841&keywords=&tid=0&lid=0,25923-PC客户端开发工程师,深圳
技术类,1,2019-03-13,position_detail.php?id=47843&keywords=&tid=0&lid=0,PCG04-系统测试工程师（深圳）,深圳
技术类,1,2019-03-13,position_detail.php?id=47844&keywords=&tid=0&lid=0,27553-数据抓取工程师,深圳
职能类,1,2019-03-13,position_detail.php?id=47847&keywords=&tid=0&lid=0,18924-行政秘书（北京）,北京
技术类,1,2019-03-13,position_detail.php?id=47836&keywords=&tid=0&lid=0,21062-游戏客户端开发高级工程师（深圳）,深圳
产品/项目类,1,2019-03-13,position_detail.php?id=47837&keywords=&tid=0&lid=0,GY0-【国际业务部】JOOX策划产品经理-机器学习方向（深圳）,深圳
产品/项目类,1,2019-03-13,position_detail.php?id=47838&keywords=&tid=0&lid=0,30625-腾讯广告KA旅游行业运营经理,北京
市场类,1,2019-03-13,position_detail.php?id=47839&keywords=&tid=0&lid=0,30629-广告营销服务线市场经理,北京
技术类,1,2019-03-13,position_detail.php?id=47840&keywords=&tid=0&lid=0,25923-腾讯游戏Redis开发高级工程师,深圳
技术类,1,2019-03-13,position_detail.php?id=47831&keywords=&tid=0&lid=0,22989-云售后运维工程师(北京/上海/深圳)（深圳总部）,深圳
技术类,1,2019-03-13,position_detail.php?id=47832&keywords=&tid=0&lid=0,22989-云售后运维工程师(北京/上海/深圳)（北京）,北京
技术类,1,2019-03-13,position_detail.php?id=47833&keywords=&tid=0&lid=0,22989-云售后运维工程师(北京/上海/深圳)（上海）,上海
产品/项目类,1,2019-03-13,position_detail.php?id=47834&keywords=&tid=0&lid=0,22989-腾讯云高级流量运营经理,深圳
技术类,1,2019-03-13,position_detail.php?id=47835&keywords=&tid=0&lid=0,21062-移动游戏高级后台开发工程师（深圳）,深圳
职能类,2,2019-03-13,position_detail.php?id=47826&keywords=&tid=0&lid=0,21527-腾讯音乐财务管理（深圳）,深圳
技术类,1,2019-03-13,position_detail.php?id=47827&keywords=&tid=0&lid=0,31112-腾讯视频游戏中心后台开发,北京
职能类,1,2019-03-13,position_detail.php?id=47828&keywords=&tid=0&lid=0,BJ-政府及公共事务经理,北京
市场类,1,2019-03-13,position_detail.php?id=47829&keywords=&tid=0&lid=0,25668-腾讯云市场部-高级市场经理（深圳）,深圳
技术类,1,2019-03-13,position_detail.php?id=47830&keywords=&tid=0&lid=0,22989-腾讯云平台产品中心高级WEB前端开发（深圳）,深圳
技术类,1,2019-03-13,position_detail.php?id=47820&keywords=&tid=0&lid=0,23486-证券数据分析工程师（深圳）,深圳
技术类,1,2019-03-13,position_detail.php?id=47821&keywords=&tid=0&lid=0,25924-移动客户端架构师,深圳
技术类,1,2019-03-13,position_detail.php?id=47822&keywords=&tid=0&lid=0,29310-智慧零售业务中心开发组长（上海or深圳）,深圳
产品/项目类,1,2019-03-13,position_detail.php?id=47823&keywords=&tid=0&lid=0,26699-智慧零售业务中心项目经理（深圳）,深圳
设计类,1,2019-03-13,position_detail.php?id=47824&keywords=&tid=0&lid=0,29910-UI工程師,深圳
产品/项目类,1,2019-03-13,position_detail.php?id=47825&keywords=&tid=0&lid=0,29910-设计项目管理,深圳
技术类,2,2019-03-13,position_detail.php?id=47815&keywords=&tid=0&lid=0,27553-腾讯音乐数据分析与开发工程师（深圳）,深圳
市场类,1,2019-03-13,position_detail.php?id=47816&keywords=&tid=0&lid=0,28096-商务拓展经理,上海
市场类,1,2019-03-13,position_detail.php?id=47817&keywords=&tid=0&lid=0,TME-市场策划经理/主管（深圳）,深圳
技术类,1,2019-03-13,position_detail.php?id=47818&keywords=&tid=0&lid=0,25924-移动客户端架构师 （深圳）,深圳
产品/项目类,1,2019-03-13,position_detail.php?id=47819&keywords=&tid=0&lid=0,CSIG15-项目经理,深圳
技术类,1,2019-03-13,position_detail.php?id=47808&keywords=&tid=0&lid=0,TEG06-C/C++高级后台开发工程师（深圳）,深圳
技术类,1,2019-03-13,position_detail.php?id=47809&keywords=&tid=0&lid=0,25664-JAVA/Golang后台开发工程师,广州
产品/项目类,2,2019-03-13,position_detail.php?id=47810&keywords=&tid=0&lid=0,15665-日本游戏IP经理(深圳),深圳
产品/项目类,1,2019-03-13,position_detail.php?id=47811&keywords=&tid=0&lid=0,15665-IP文学策划（深圳）,深圳
技术类,2,2019-03-13,position_detail.php?id=47813&keywords=&tid=0&lid=0,21557-音视频实验室音频算法专家（深圳/北京/美国）（北京）,北京
技术类,1,2019-03-13,position_detail.php?id=47814&keywords=&tid=0&lid=0,21557-音视频实验室音频工程专家（深圳/北京）,深圳
产品/项目类,1,2019-03-13,position_detail.php?id=47802&keywords=&tid=0&lid=0,24987-运营经理,上海
产品/项目类,1,2019-03-13,position_detail.php?id=47803&keywords=&tid=0&lid=0,19407-移动游戏运营经理,上海
产品/项目类,1,2019-03-13,position_detail.php?id=47804&keywords=&tid=0&lid=0,PCG15-渠道策略负责人（用户增长）,深圳
产品/项目类,1,2019-03-13,position_detail.php?id=47805&keywords=&tid=0&lid=0,24987-战术竞技类游戏关卡策划,上海
技术类,1,2019-03-13,position_detail.php?id=47807&keywords=&tid=0&lid=0,TEG06-Golang/C++高级后台开发工程师（深圳）,深圳
设计类,1,2019-03-13,position_detail.php?id=47797&keywords=&tid=0&lid=0,18302-剑灵手游资深3D特效设计师/专家（深圳）,深圳
技术类,1,2019-03-13,position_detail.php?id=47798&keywords=&tid=0&lid=0,22086-数据挖掘工程师,北京
技术类,1,2019-03-13,position_detail.php?id=47799&keywords=&tid=0&lid=0,22086-机器学习高级工程师,北京
技术类,1,2019-03-13,position_detail.php?id=47800&keywords=&tid=0&lid=0,27092-腾讯手游助手引擎开发（深圳）,深圳
产品/项目类,1,2019-03-13,position_detail.php?id=47801&keywords=&tid=0&lid=0,24987-平台渠道运营合作,上海
设计类,1,2019-03-13,position_detail.php?id=47791&keywords=&tid=0&lid=0,18302-动作手游概念分镜导演,深圳
设计类,1,2019-03-13,position_detail.php?id=47792&keywords=&tid=0&lid=0,18302-LBS手游主美术（深圳）,深圳
设计类,1,2019-03-13,position_detail.php?id=47793&keywords=&tid=0&lid=0,18302-LBS手游3D动画组长（深圳）,深圳
设计类,1,2019-03-13,position_detail.php?id=47794&keywords=&tid=0&lid=0,18302-世界观概念设计师,深圳
设计类,1,2019-03-13,position_detail.php?id=47795&keywords=&tid=0&lid=0,18302-LBS手游资深GUI设计组长（深圳）,深圳
设计类,1,2019-03-13,position_detail.php?id=47796&keywords=&tid=0&lid=0,18302-新动作手游资深GUI设计师（深圳）,深圳
职能类,1,2019-03-13,position_detail.php?id=47786&keywords=&tid=0&lid=0,S2-海外金融审计经理（深圳）,深圳
职能类,1,2019-03-13,position_detail.php?id=47787&keywords=&tid=0&lid=0,S2-采购风控经理,深圳
职能类,1,2019-03-13,position_detail.php?id=47788&keywords=&tid=0&lid=0,S2-TEG风控经理,深圳
职能类,1,2019-03-13,position_detail.php?id=47789&keywords=&tid=0&lid=0,S2-WXG风控经理(深圳）,深圳
设计类,1,2019-03-13,position_detail.php?id=47790&keywords=&tid=0&lid=0,18302-剑灵IP手游本地化资深3D角色组长（深圳）,深圳
产品/项目类,1,2019-03-13,position_detail.php?id=47780&keywords=&tid=0&lid=0,15614-天刀手游商业化运营（上海）,上海
技术类,1,2019-03-13,position_detail.php?id=47781&keywords=&tid=0&lid=0,18435-合规反洗钱岗,深圳
设计类,1,2019-03-13,position_detail.php?id=47782&keywords=&tid=0&lid=0,15569-魂斗罗3D特效设计师（深圳）,深圳
技术类,1,2019-03-13,position_detail.php?id=47783&keywords=&tid=0&lid=0,PCG09-QQ看点用户画像系统开发工程师（深圳）,深圳
市场类,1,2019-03-13,position_detail.php?id=47784&keywords=&tid=0&lid=0,30934-游戏海外市场推广高级经理（日韩/欧美）,深圳
产品/项目类,2,2019-03-13,position_detail.php?id=47785&keywords=&tid=0&lid=0,30934-资深大数据分析师 senior big data analyst（深圳总部）,深圳
市场类,1,2019-03-13,position_detail.php?id=47775&keywords=&tid=0&lid=0,25666-西南区域川藏拓展组泛企业线组长,成都
设计类,1,2019-03-13,position_detail.php?id=47776&keywords=&tid=0&lid=0,15611-WarSong 3D特效设计（深圳）,深圳
设计类,1,2019-03-13,position_detail.php?id=47777&keywords=&tid=0&lid=0,15611-WarSong3D动作设计（深圳）,深圳
技术类,1,2019-03-13,position_detail.php?id=47778&keywords=&tid=0&lid=0,PCG14-流量生态后台开发工程师（深圳）,深圳
产品/项目类,1,2019-03-13,position_detail.php?id=47779&keywords=&tid=0&lid=0,23674-腾讯新闻高级产品策划,北京
职能类,1,2019-03-13,position_detail.php?id=47769&keywords=&tid=0&lid=0,CDG-企业文化经理（深圳）,深圳
职能类,1,2019-03-13,position_detail.php?id=47770&keywords=&tid=0&lid=0,TA-职业培训经理（深圳）,深圳
职能类,2,2019-03-13,position_detail.php?id=47771&keywords=&tid=0&lid=0,TEG-培训经理（深圳）,深圳
技术类,1,2019-03-13,position_detail.php?id=47772&keywords=&tid=0&lid=0,15605-《一人之下》手游客户端开发高级工程师（深圳）,深圳
技术类,1,2019-03-13,position_detail.php?id=47773&keywords=&tid=0&lid=0,TME-中央曲库数据挖掘/分析工程师,深圳
技术类,1,2019-03-13,position_detail.php?id=47774&keywords=&tid=0&lid=0,TME-中央曲库后台开发工程师,深圳
技术类,2,2019-03-13,position_detail.php?id=47764&keywords=&tid=0&lid=0,31504-高级服务改进经理,深圳
技术类,2,2019-03-13,position_detail.php?id=47765&keywords=&tid=0&lid=0,31504-高级开发工程师-视频方向,深圳
技术类,1,2019-03-13,position_detail.php?id=47766&keywords=&tid=0&lid=0,31504-高级开发工程-web方向,深圳
,1,2019-03-13,position_detail.php?id=47767&keywords=&tid=0&lid=0,14914-综合内容平台公关经理（深圳）,北京
职能类,1,2019-03-13,position_detail.php?id=47768&keywords=&tid=0&lid=0,21532-腾讯音乐秘书（北京）,北京
产品/项目类,1,2019-03-13,position_detail.php?id=47759&keywords=&tid=0&lid=0,22989-网络项目管理高级经理,深圳
技术类,1,2019-03-13,position_detail.php?id=47760&keywords=&tid=0&lid=0,22989-腾讯云Devops平台后台开发组长,深圳
技术类,2,2019-03-13,position_detail.php?id=47761&keywords=&tid=0&lid=0,31504-CallCenter主管,深圳
技术类,2,2019-03-13,position_detail.php?id=47762&keywords=&tid=0&lid=0,31504-网站备案运营经理,深圳
技术类,2,2019-03-13,position_detail.php?id=47763&keywords=&tid=0&lid=0,31504-高级服务运营经理,深圳
技术类,1,2019-03-13,position_detail.php?id=47753&keywords=&tid=0&lid=0,18302-新动作手游后台开发工程师（深圳）,深圳
市场类,1,2019-03-13,position_detail.php?id=47754&keywords=&tid=0&lid=0,30629-腾讯广告产品高级市场经理（微信广告）,深圳
产品/项目类,1,2019-03-13,position_detail.php?id=47755&keywords=&tid=0&lid=0,22989-腾讯云存储产品高级产品运营经理,深圳
技术类,1,2019-03-13,position_detail.php?id=47756&keywords=&tid=0&lid=0,31504-Linux后台开发工程师,深圳
技术类,1,2019-03-13,position_detail.php?id=47757&keywords=&tid=0&lid=0,31504-社交业务运维工程师,深圳
技术类,3,2019-03-13,position_detail.php?id=47758&keywords=&tid=0&lid=0,22989-腾讯云中间件高级web前端开发工程师（深圳）,深圳
技术类,3,2019-03-13,position_detail.php?id=47748&keywords=&tid=0&lid=0,20503-AI应用后台研发工程师,上海
技术类,1,2019-03-13,position_detail.php?id=47749&keywords=&tid=0&lid=0,PCG19-腾讯视频后台开发高级工程师（北京）,北京
技术类,1,2019-03-13,position_detail.php?id=47750&keywords=&tid=0&lid=0,PCG19-腾讯视频WEB前端开发工程师（北京）,北京
技术类,2,2019-03-13,position_detail.php?id=47751&keywords=&tid=0&lid=0,PCG19-腾讯视频后台开发工程师（深圳）,深圳
产品/项目类,1,2019-03-13,position_detail.php?id=47752&keywords=&tid=0&lid=0,18302-大IP新动作手游市场运营,深圳
产品/项目类,1,2019-03-13,position_detail.php?id=47742&keywords=&tid=0&lid=0,TME-全民K歌 海外产品经理,深圳
技术类,1,2019-03-13,position_detail.php?id=47743&keywords=&tid=0&lid=0,S2-Java开发工程师（深圳）,深圳
设计类,1,2019-03-13,position_detail.php?id=47744&keywords=&tid=0&lid=0,28096-TME-QQ音乐高级交互设计(深圳),深圳
技术类,2,2019-03-13,position_detail.php?id=47745&keywords=&tid=0&lid=0,CSIG07-运营开发工程师（深圳）,深圳
技术类,2,2019-03-13,position_detail.php?id=47746&keywords=&tid=0&lid=0,CSIG07-WEB前端开发（企业安全方向）,深圳
产品/项目类,1,2019-03-13,position_detail.php?id=47747&keywords=&tid=0&lid=0,CSIG07-企业安全项目经理（深圳）,深圳
产品/项目类,1,2019-03-13,position_detail.php?id=47737&keywords=&tid=0&lid=0,15614-SLG手游运营负责人,上海
设计类,1,2019-03-13,position_detail.php?id=47738&keywords=&tid=0&lid=0,15614-次世代手游2D人物原画设计（上海）,上海
产品/项目类,1,2019-03-13,position_detail.php?id=47739&keywords=&tid=0&lid=0,15614-SLG资深系统策划（上海）,上海
技术类,1,2019-03-13,position_detail.php?id=47740&keywords=&tid=0&lid=0,25927-WeTest 高级后台开发工程师（上海）,上海
技术类,1,2019-03-13,position_detail.php?id=47741&keywords=&tid=0&lid=0,PCG04-移动安全/移动渗透安全工程师（深圳）,深圳
市场类,1,2019-03-13,position_detail.php?id=47730&keywords=&tid=0&lid=0,25667-行业渠道经理（投后）（深圳总部）,深圳
市场类,1,2019-03-13,position_detail.php?id=47731&keywords=&tid=0&lid=0,25667-行业渠道经理（投后）（北京）,北京
市场类,1,2019-03-13,position_detail.php?id=47732&keywords=&tid=0&lid=0,25667-政府行业渠道销售,北京
技术类,1,2019-03-13,position_detail.php?id=47733&keywords=&tid=0&lid=0,28994-区块链应用（高级）开发工程师（深圳）,深圳
设计类,1,2019-03-13,position_detail.php?id=47736&keywords=&tid=0&lid=0,15614-UE4手游动画设计师（上海）,上海
市场类,1,2019-03-13,position_detail.php?id=47724&keywords=&tid=0&lid=0,25667-传统企业/工业渠道销售（北京）,北京
市场类,1,2019-03-13,position_detail.php?id=47725&keywords=&tid=0&lid=0,25667-高级商务拓展经理（深圳）,深圳
市场类,1,2019-03-13,position_detail.php?id=47726&keywords=&tid=0&lid=0,25667-高级商务拓展经理（海外）,深圳
技术类,1,2019-03-13,position_detail.php?id=47727&keywords=&tid=0&lid=0,28096-腾讯音乐测试开发工程师,深圳
技术类,1,2019-03-13,position_detail.php?id=47728&keywords=&tid=0&lid=0,28096-腾讯音乐后台开发工程师（深圳）,深圳
市场类,1,2019-03-13,position_detail.php?id=47729&keywords=&tid=0&lid=0,25667-行业渠道烟草行业大客户经理（北京、上海、深圳）,深圳
技术类,2,2019-03-13,position_detail.php?id=47717&keywords=&tid=0&lid=0,TEG02-自研交换机测试高级工程师（深圳）（北京）,北京
产品/项目类,1,2019-03-13,position_detail.php?id=47718&keywords=&tid=0&lid=0,29777-金融云交付项目经理（北京）,北京
产品/项目类,1,2019-03-13,position_detail.php?id=47719&keywords=&tid=0&lid=0,29777-金融云交付项目经理（上海）,上海
技术类,1,2019-03-13,position_detail.php?id=47720&keywords=&tid=0&lid=0,22989-物联网基础产品高级后台研发工程师,深圳
技术类,1,2019-03-13,position_detail.php?id=47721&keywords=&tid=0&lid=0,22989- 物联网行业产品高级后台研发工程师,深圳
市场类,1,2019-03-13,position_detail.php?id=47723&keywords=&tid=0&lid=0,25667-传统企业/工业渠道销售（深圳总部）,深圳
技术类,2,2019-03-13,position_detail.php?id=47712&keywords=&tid=0&lid=0,TEG09-高级业务运维工程师（深圳）,深圳
技术类,1,2019-03-13,position_detail.php?id=47713&keywords=&tid=0&lid=0,25928-应用开发工程师,深圳
技术类,2,2019-03-13,position_detail.php?id=47714&keywords=&tid=0&lid=0,TEG02-交换机系统研发工程师（深圳）（深圳总部）,深圳
技术类,2,2019-03-13,position_detail.php?id=47715&keywords=&tid=0&lid=0,TEG02-交换机系统研发工程师（深圳）（北京）,北京
技术类,2,2019-03-13,position_detail.php?id=47716&keywords=&tid=0&lid=0,TEG02-自研交换机测试高级工程师（深圳）（深圳总部）,深圳
内容编辑类,1,2019-03-13,position_detail.php?id=47707&keywords=&tid=0&lid=0,TME-腾讯音乐标签库管理（深圳）,深圳
技术类,2,2019-03-13,position_detail.php?id=47708&keywords=&tid=0&lid=0,TME-腾讯音乐python开发工程师,深圳
技术类,1,2019-03-13,position_detail.php?id=47709&keywords=&tid=0&lid=0,15569-Unity3D高级游戏引擎工程师（深圳）,深圳
设计类,1,2019-03-13,position_detail.php?id=47710&keywords=&tid=0&lid=0,15569-QQ飞车手游高级UI交互设计师（深圳）,深圳
设计类,1,2019-03-13,position_detail.php?id=47711&keywords=&tid=0&lid=0,15569-写实竞速3D场景美术设计师（深圳）,深圳
设计类,1,2019-03-13,position_detail.php?id=47702&keywords=&tid=0&lid=0,24012-场景概念原画设计师（深圳）,深圳
技术类,1,2019-03-13,position_detail.php?id=47703&keywords=&tid=0&lid=0,24012-H5游戏开发工程师（深圳）,深圳
技术类,3,2019-03-13,position_detail.php?id=47704&keywords=&tid=0&lid=0,TME-QQ音乐推荐算法工程师（深圳）,深圳
技术类,5,2019-03-13,position_detail.php?id=47705&keywords=&tid=0&lid=0,TME-全民K歌音频推荐算法工程师（深圳）,深圳
技术类,5,2019-03-13,position_detail.php?id=47706&keywords=&tid=0&lid=0,TME-全民K歌用户推荐算法工程师（深圳）,深圳
技术类,1,2019-03-13,position_detail.php?id=47689&keywords=&tid=0&lid=0,PCG11-用户增长前端工程师,北京
内容编辑类,1,2019-03-13,position_detail.php?id=47690&keywords=&tid=0&lid=0,PCG15-网红经纪与运营,深圳
市场类,1,2019-03-13,position_detail.php?id=47698&keywords=&tid=0&lid=0,18434-数据营销/分析经理(深圳),深圳
职能类,1,2019-03-13,position_detail.php?id=47699&keywords=&tid=0&lid=0,21527-腾讯音乐Java开发工程师,深圳
技术类,1,2019-03-13,position_detail.php?id=47700&keywords=&tid=0&lid=0,GY0-【国际业务部】后台测试开发工程师（深圳）,深圳
产品/项目类,1,2019-03-13,position_detail.php?id=47701&keywords=&tid=0&lid=0,24012-资深游戏社交产品经理（深圳）,深圳
产品/项目类,1,2019-03-13,position_detail.php?id=47683&keywords=&tid=0&lid=0,21087-DNF安全运营（深圳）,深圳
技术类,1,2019-03-13,position_detail.php?id=47684&keywords=&tid=0&lid=0,15575-《王者荣耀》后台开发高级工程师（成都）,成都
技术类,2,2019-03-13,position_detail.php?id=47685&keywords=&tid=0&lid=0,PCG11-智慧项目前端工程师,北京
技术类,1,2019-03-13,position_detail.php?id=47686&keywords=&tid=0&lid=0,PCG11-智慧项目后台工程师,北京
技术类,1,2019-03-13,position_detail.php?id=47688&keywords=&tid=0&lid=0,PCG11-后台开发工程师,北京
产品/项目类,1,2019-03-13,position_detail.php?id=47676&keywords=&tid=0&lid=0,22989-腾讯云中间件产品运营经理（深圳）,深圳
技术类,2,2019-03-13,position_detail.php?id=47679&keywords=&tid=0&lid=0,23671-短视频后台开发工程师（深圳）,深圳
技术类,2,2019-03-13,position_detail.php?id=47680&keywords=&tid=0&lid=0,23671-短视频前端开发工程师（深圳）,深圳
技术类,2,2019-03-13,position_detail.php?id=47681&keywords=&tid=0&lid=0,27020-云计算开发工程师（深圳）,深圳
产品/项目类,1,2019-03-13,position_detail.php?id=47682&keywords=&tid=0&lid=0,21087-游戏版本管理（深圳）,深圳
技术类,2,2019-03-13,position_detail.php?id=47667&keywords=&tid=0&lid=0,21309-【在线教育】高级web前端开发工程师,深圳
市场类,1,2019-03-13,position_detail.php?id=47670&keywords=&tid=0&lid=0,27192-互娱市场与用户研究经理,深圳
职能类,1,2019-03-13,position_detail.php?id=47671&keywords=&tid=0&lid=0,18924-行政秘书（北京）,北京
职能类,1,2019-03-13,position_detail.php?id=47674&keywords=&tid=0&lid=0,IEG-招聘经理（深圳）,深圳
技术类,2,2019-03-13,position_detail.php?id=47662&keywords=&tid=0&lid=0,30634-腾讯广告商业内容项目开发工程师（上海）,上海
技术类,2,2019-03-13,position_detail.php?id=47663&keywords=&tid=0&lid=0,TEG15-计费系统后台测试高级工程师（深圳）,深圳
产品/项目类,1,2019-03-13,position_detail.php?id=47664&keywords=&tid=0&lid=0,21482-赛事/渠道运营经理（深圳）,深圳
技术类,1,2019-03-13,position_detail.php?id=47665&keywords=&tid=0&lid=0,TEG11-高级业务运维工程师（北京）,北京
技术类,1,2019-03-13,position_detail.php?id=47657&keywords=&tid=0&lid=0,CSIG17-图像识别评价优化高级工程师,武汉
产品/项目类,1,2019-03-13,position_detail.php?id=47658&keywords=&tid=0&lid=0,PCG14-AI声学高级产品策划（深圳）,深圳
产品/项目类,1,2019-03-13,position_detail.php?id=47659&keywords=&tid=0&lid=0,PCG14-AI玩法策划产品经理,深圳
职能类,1,2019-03-13,position_detail.php?id=47660&keywords=&tid=0&lid=0,9615-CDG部门秘书（深圳）,深圳
职能类,1,2019-03-13,position_detail.php?id=47661&keywords=&tid=0&lid=0,9615-CDG 高级秘书（北京）,北京
产品/项目类,1,2019-03-13,position_detail.php?id=47649&keywords=&tid=0&lid=0,CS-腾讯公益产品经理,深圳
技术类,1,2019-03-13,position_detail.php?id=47650&keywords=&tid=0&lid=0,15573-手游客户端开发高级工程师（上海）,上海
产品/项目类,1,2019-03-13,position_detail.php?id=47651&keywords=&tid=0&lid=0,18402-RPG手游数据分析（深圳）,深圳
产品/项目类,1,2019-03-13,position_detail.php?id=47652&keywords=&tid=0&lid=0,21227-游戏市场与社区运营管理,深圳
产品/项目类,1,2019-03-13,position_detail.php?id=47655&keywords=&tid=0&lid=0,21557-高级项目经理（深圳）,深圳
技术类,2,2019-03-13,position_detail.php?id=47656&keywords=&tid=0&lid=0,CSIG17-AI开放平台高级测试工程师,深圳
技术类,2,2019-03-13,position_detail.php?id=47644&keywords=&tid=0&lid=0,31498-游戏AI研发工程师,深圳
技术类,2,2019-03-13,position_detail.php?id=47645&keywords=&tid=0&lid=0,31498-技术美术,深圳
职能类,1,2019-03-13,position_detail.php?id=47646&keywords=&tid=0&lid=0,FWZ-微信维权法务（广州）,广州
技术类,1,2019-03-13,position_detail.php?id=47647&keywords=&tid=0&lid=0,TEG05-Linux后台开发工程师（深圳）,深圳
技术类,1,2019-03-13,position_detail.php?id=47648&keywords=&tid=0&lid=0,TEG05-Linux后台开发工程师（深圳）,深圳
设计类,1,2019-03-13,position_detail.php?id=47637&keywords=&tid=0&lid=0,23292-互娱视觉设计师（深圳）,深圳
技术类,1,2019-03-13,position_detail.php?id=47638&keywords=&tid=0&lid=0,23295-互娱前端工程师,深圳
产品/项目类,1,2019-03-13,position_detail.php?id=47639&keywords=&tid=0&lid=0,HY6-互娱平台赛事产品运营经理,深圳
技术类,5,2019-03-13,position_detail.php?id=47640&keywords=&tid=0&lid=0,31498-游戏客户端研发工程师,深圳
技术类,2,2019-03-13,position_detail.php?id=47641&keywords=&tid=0&lid=0,31498-游戏服务器研发工程师,深圳
技术类,5,2019-03-13,position_detail.php?id=47643&keywords=&tid=0&lid=0,31498-游戏引擎研发工程师,深圳
职能类,1,2019-03-13,position_detail.php?id=47632&keywords=&tid=0&lid=0,18924-行政秘书（广州）,广州
职能类,2,2019-03-13,position_detail.php?id=47633&keywords=&tid=0&lid=0,18924-部门秘书（深圳）,深圳
职能类,1,2019-03-13,position_detail.php?id=47634&keywords=&tid=0&lid=0,18924-行政秘书（成都）,成都
技术类,1,2019-03-13,position_detail.php?id=47635&keywords=&tid=0&lid=0,WXG08-121 微信商业数据分析工程师（广州）,广州
产品/项目类,3,2019-03-13,position_detail.php?id=47636&keywords=&tid=0&lid=0,31498-高级项目经理,深圳
技术类,3,2019-03-13,position_detail.php?id=47626&keywords=&tid=0&lid=0,TME-QQ音乐后台开发工程师（深圳）,深圳
技术类,2,2019-03-13,position_detail.php?id=47628&keywords=&tid=0&lid=0,TME-QQ音乐商业化Web前端工程师（深圳）,深圳
技术类,2,2019-03-13,position_detail.php?id=47629&keywords=&tid=0&lid=0,TME-QQ音乐商业化Web前端工程师（深圳）,深圳
技术类,3,2019-03-13,position_detail.php?id=47630&keywords=&tid=0&lid=0,TME-QQ音乐Web前端工程师（深圳）,深圳
设计类,1,2019-03-13,position_detail.php?id=47631&keywords=&tid=0&lid=0,25928-视觉设计师（深圳）,深圳
设计类,1,2019-03-13,position_detail.php?id=47621&keywords=&tid=0&lid=0,31677-智能翻译设计组长（深圳）,深圳
产品/项目类,1,2019-03-13,position_detail.php?id=47622&keywords=&tid=0&lid=0,WXG08-212 微信看一看产品策划经理（广州）,广州
职能类,1,2019-03-13,position_detail.php?id=47617&keywords=&tid=0&lid=0,21530-腾讯音乐企业文化经理（深圳）,深圳
产品/项目类,1,2019-03-13,position_detail.php?id=47619&keywords=&tid=0&lid=0,CSIG16-车联网项目经理（北京）,北京
市场类,1,2019-03-13,position_detail.php?id=47620&keywords=&tid=0&lid=0,23292-互娱游戏品牌经理,深圳
技术类,1,2019-03-13,position_detail.php?id=47615&keywords=&tid=0&lid=0,18434-web前端工程师,深圳
产品/项目类,1,2019-03-13,position_detail.php?id=47609&keywords=&tid=0&lid=0,21228-集换式卡牌游戏运营经理（深圳）,深圳
产品/项目类,1,2019-03-13,position_detail.php?id=47610&keywords=&tid=0&lid=0,21228-集换式卡牌游戏版本管理（深圳）,深圳
产品/项目类,1,2019-03-13,position_detail.php?id=47611&keywords=&tid=0&lid=0,21228-集换式卡牌游戏商业化策划（深圳）,深圳
产品/项目类,1,2019-03-13,position_detail.php?id=47612&keywords=&tid=0&lid=0,21228- 游戏运营-版本数据岗,深圳
产品/项目类,1,2019-03-13,position_detail.php?id=47613&keywords=&tid=0&lid=0,21228-集换式卡牌游戏数据分析（深圳）,深圳
职能类,1,2019-03-13,position_detail.php?id=47600&keywords=&tid=0&lid=0,21527-腾讯音乐投资公司管理高级经理（北京）,北京
技术类,2,2019-03-13,position_detail.php?id=47601&keywords=&tid=0&lid=0,TME-腾讯音乐业务运维工程师（深圳）,深圳
技术类,2,2019-03-13,position_detail.php?id=47602&keywords=&tid=0&lid=0,TME-腾讯音乐存储运维工程师（深圳）,深圳
技术类,2,2019-03-13,position_detail.php?id=47603&keywords=&tid=0&lid=0,TME-腾讯音乐运营开发工程师（深圳）,深圳
设计类,1,2019-03-13,position_detail.php?id=47604&keywords=&tid=0&lid=0,PCG19-腾讯视频TV端视觉设计师（深圳）,深圳
市场类,1,2019-03-13,position_detail.php?id=47607&keywords=&tid=0&lid=0,30624-腾讯广告消费品广告策划经理（广州）,广州
技术类,1,2019-03-13,position_detail.php?id=47594&keywords=&tid=0&lid=0,25927-游戏测试经理（上海）,上海
,1,2019-03-13,position_detail.php?id=47595&keywords=&tid=0&lid=0,14914-安全产品公关经理（深圳）,深圳
市场类,1,2019-03-13,position_detail.php?id=47596&keywords=&tid=0&lid=0,30627-腾讯广告SMB区域业务拓展经理 （RGM)--南区,深圳
技术类,1,2019-03-13,position_detail.php?id=47598&keywords=&tid=0&lid=0,18436-数据分析/挖掘高级工程师（深圳）,深圳
职能类,1,2019-03-13,position_detail.php?id=47599&keywords=&tid=0&lid=0,21527-腾讯音乐投资公司管理高级经理（深圳）,深圳
技术类,1,2019-03-13,position_detail.php?id=47589&keywords=&tid=0&lid=0,31504-运营开发工程师,深圳
技术类,1,2019-03-13,position_detail.php?id=47590&keywords=&tid=0&lid=0,31504-高级数据运维工程师（DBA）,深圳
技术类,2,2019-03-13,position_detail.php?id=47591&keywords=&tid=0&lid=0,TME-腾讯音乐全民K歌音频算法工程师（深圳）,深圳
产品/项目类,1,2019-03-13,position_detail.php?id=47592&keywords=&tid=0&lid=0,CSIG14-市场监管产品经理,深圳
技术类,1,2019-03-13,position_detail.php?id=47593&keywords=&tid=0&lid=0,CSIG14-URL安全组后台开发工程师（深圳）,深圳
技术类,2,2019-03-13,position_detail.php?id=47578&keywords=&tid=0&lid=0,29912-后台架构工程师,深圳
技术类,3,2019-03-13,position_detail.php?id=47579&keywords=&tid=0&lid=0,31329-计算机视觉资深研究员,深圳
技术类,2,2019-03-13,position_detail.php?id=47582&keywords=&tid=0&lid=0,29912-增长移动端开发iOS,深圳
技术类,1,2019-03-13,position_detail.php?id=47583&keywords=&tid=0&lid=0,29912-数据分析-运营开发,深圳
产品/项目类,1,2019-03-13,position_detail.php?id=47584&keywords=&tid=0&lid=0,29912-数据产品经理,深圳
设计类,1,2019-03-13,position_detail.php?id=47570&keywords=&tid=0&lid=0,25929-沙盒类游戏技术美术（深圳）,深圳
产品/项目类,1,2019-03-13,position_detail.php?id=47571&keywords=&tid=0&lid=0,25929-沙盒游戏高级系统策划（深圳）,深圳
技术类,2,2019-03-13,position_detail.php?id=47572&keywords=&tid=0&lid=0,25929-互娱沙盒类手游服务端开发（深圳）,深圳
产品/项目类,1,2019-03-13,position_detail.php?id=47573&keywords=&tid=0&lid=0,23674-腾讯新闻客户端产品策划,北京
职能类,1,2019-03-13,position_detail.php?id=47564&keywords=&tid=0&lid=0,6486-秘书（深圳）,深圳
职能类,1,2019-03-13,position_detail.php?id=47565&keywords=&tid=0&lid=0,6486-秘书（深圳）,深圳
产品/项目类,1,2019-03-13,position_detail.php?id=47566&keywords=&tid=0&lid=0,30623-腾讯广告联盟广告品牌运营经理（北京）,北京
技术类,1,2019-03-13,position_detail.php?id=47567&keywords=&tid=0&lid=0,23674-推荐算法高级工程师,北京
技术类,1,2019-03-13,position_detail.php?id=47568&keywords=&tid=0&lid=0,15581-游戏后台开发（深圳）,深圳
设计类,1,2019-03-13,position_detail.php?id=47569&keywords=&tid=0&lid=0,28966-游戏平台C4D品牌设计师（深圳）,深圳
技术类,3,2019-03-13,position_detail.php?id=47558&keywords=&tid=0&lid=0,CSIG17-云测试高级工程师,深圳
技术类,2,2019-03-13,position_detail.php?id=47559&keywords=&tid=0&lid=0,CSIG17-云测试高级工程师（AI和智能硬件相关）,深圳
技术类,1,2019-03-13,position_detail.php?id=47560&keywords=&tid=0&lid=0,25927-游戏高级测试工程师（成都）,成都
设计类,1,2019-03-13,position_detail.php?id=47561&keywords=&tid=0&lid=0,29911-用户研究员,深圳
技术类,2,2019-03-13,position_detail.php?id=47555&keywords=&tid=0&lid=0,20503-智慧零售Linux后台研发工程师（上海）,上海
技术类,1,2019-03-13,position_detail.php?id=47556&keywords=&tid=0&lid=0,20503-深度学习智慧零售应用研发工程师（上海）,上海
市场类,1,2019-03-13,position_detail.php?id=47557&keywords=&tid=0&lid=0,30624-腾讯广告消费电子行业销售经理（北京 ）,北京
市场类,1,2019-03-13,position_detail.php?id=47549&keywords=&tid=0&lid=0,30627-腾讯广告SMB直销业务经理-（渠道赋能）,深圳
设计类,1,2019-03-13,position_detail.php?id=47550&keywords=&tid=0&lid=0,31677-用户研究组长（深圳）,深圳
技术类,1,2019-03-13,position_detail.php?id=47543&keywords=&tid=0&lid=0,31329-计算机视觉专家研究员,深圳
产品/项目类,1,2019-03-13,position_detail.php?id=47544&keywords=&tid=0&lid=0,CSIG02-腾讯云泛政府行业产品运营组组长（深圳）,深圳
技术类,1,2019-03-13,position_detail.php?id=47545&keywords=&tid=0&lid=0,25663-腾讯云海外行业专家(北京/上海/深圳)（深圳总部）,深圳
技术类,1,2019-03-13,position_detail.php?id=47546&keywords=&tid=0&lid=0,25663-腾讯云海外行业专家(北京/上海/深圳)（北京）,北京
技术类,1,2019-03-13,position_detail.php?id=47547&keywords=&tid=0&lid=0,25663-腾讯云海外行业专家(北京/上海/深圳)（上海）,上海
设计类,1,2019-03-13,position_detail.php?id=47548&keywords=&tid=0&lid=0,15616-高级动画师,上海
产品/项目类,1,2019-03-13,position_detail.php?id=47538&keywords=&tid=0&lid=0,22989-腾讯云高级项目经理（深圳）,深圳
技术类,1,2019-03-13,position_detail.php?id=47539&keywords=&tid=0&lid=0,31504-高级运营开发工程师,深圳
技术类,1,2019-03-13,position_detail.php?id=47540&keywords=&tid=0&lid=0,31504-Web前端开发工程师,深圳
技术类,1,2019-03-13,position_detail.php?id=47541&keywords=&tid=0&lid=0,22989-腾讯云CVM产品前端开发工程师（深圳）,深圳
技术类,1,2019-03-13,position_detail.php?id=47542&keywords=&tid=0&lid=0,22989-腾讯云运营开发（深圳）,深圳
内容编辑类,1,2019-03-13,position_detail.php?id=47532&keywords=&tid=0&lid=0,17757-内容运营分析,北京
技术类,1,2019-03-13,position_detail.php?id=47533&keywords=&tid=0&lid=0,30360-QQ会员-Android开发工程师（深圳）,深圳
产品/项目类,1,2019-03-13,position_detail.php?id=47534&keywords=&tid=0&lid=0,18402-RPG手游市场运营,深圳
产品/项目类,1,2019-03-13,position_detail.php?id=47536&keywords=&tid=0&lid=0,15575-《QQ三国》商业化活动运营（成都）,成都
产品/项目类,1,2019-03-13,position_detail.php?id=47537&keywords=&tid=0&lid=0,21309-企鹅辅导产品运营经理,深圳
设计类,1,2019-03-13,position_detail.php?id=47526&keywords=&tid=0&lid=0,15618-游戏UI设计师（上海）,上海
产品/项目类,1,2019-03-13,position_detail.php?id=47527&keywords=&tid=0&lid=0,15618-MMORPG策划（上海）,上海
产品/项目类,1,2019-03-13,position_detail.php?id=47528&keywords=&tid=0&lid=0,15618-手游系统策划（上海）,上海
产品/项目类,1,2019-03-13,position_detail.php?id=47529&keywords=&tid=0&lid=0,15618-手游文案策划（上海）,上海
产品/项目类,1,2019-03-13,position_detail.php?id=47530&keywords=&tid=0&lid=0,19407-移动游戏社区运营策划（上海）,上海
技术类,3,2019-03-13,position_detail.php?id=47531&keywords=&tid=0&lid=0,CSIG17-云高级测试开发工程师,深圳
产品/项目类,1,2019-03-13,position_detail.php?id=47521&keywords=&tid=0&lid=0,15570-FPS系统策划,深圳
技术类,1,2019-03-13,position_detail.php?id=47522&keywords=&tid=0&lid=0,25927-应用开发高级工程师（上海）,上海
产品/项目类,1,2019-03-13,position_detail.php?id=47523&keywords=&tid=0&lid=0,15618-手游关卡策划（上海）,上海
设计类,1,2019-03-13,position_detail.php?id=47524&keywords=&tid=0&lid=0,15618-2D场景设计师（上海）,上海
设计类,1,2019-03-13,position_detail.php?id=47525&keywords=&tid=0&lid=0,15618-3D特效设计师（上海）,上海
技术类,2,2019-03-13,position_detail.php?id=47513&keywords=&tid=0&lid=0,23671-企鹅号前端开发（北京）,北京
技术类,1,2019-03-13,position_detail.php?id=47516&keywords=&tid=0&lid=0,23671-企鹅号数据开发工程师（北京）,北京
技术类,2,2019-03-13,position_detail.php?id=47517&keywords=&tid=0&lid=0,PCG09-信息流后台开发工程师,深圳
产品/项目类,1,2019-03-13,position_detail.php?id=47519&keywords=&tid=0&lid=0,15570-高级关卡策划（FPS/TPS射击类）,深圳
技术类,1,2019-03-13,position_detail.php?id=47520&keywords=&tid=0&lid=0,30627-腾讯广告Java开发工程师（广告安全）,北京
技术类,1,2019-03-13,position_detail.php?id=47506&keywords=&tid=0&lid=0,PCG09-信息流产品高级数据分析师,深圳
产品/项目类,1,2019-03-13,position_detail.php?id=47507&keywords=&tid=0&lid=0,PCG09-信息流产品垂类高级产品经理（搞笑品类）,深圳
产品/项目类,2,2019-03-13,position_detail.php?id=47508&keywords=&tid=0&lid=0,PCG09-短视频高级产品运营经理,深圳
产品/项目类,1,2019-03-13,position_detail.php?id=47510&keywords=&tid=0&lid=0,22088-体育电商运营,北京
内容编辑类,2,2019-03-13,position_detail.php?id=47511&keywords=&tid=0&lid=0,22088-体育潮流垂直内容运营,北京
技术类,1,2019-03-13,position_detail.php?id=47512&keywords=&tid=0&lid=0,WXG02-121 微信安全大数据高级工程师（广州）,广州
技术类,2,2019-03-13,position_detail.php?id=47502&keywords=&tid=0&lid=0,22989-视频云高级Web前端开发,深圳
产品/项目类,1,2019-03-13,position_detail.php?id=47503&keywords=&tid=0&lid=0,15605-动作RPG手游游戏活动策划,深圳
产品/项目类,1,2019-03-13,position_detail.php?id=47504&keywords=&tid=0&lid=0,19511-内容运营经理（深圳）,深圳
市场类,1,2019-03-13,position_detail.php?id=47505&keywords=&tid=0&lid=0,30626-腾讯广告OTT智能电视广告销售经理（南区）,广州
职能类,1,2019-03-13,position_detail.php?id=47497&keywords=&tid=0&lid=0,HGJ-senior legal counsel(MA),深圳
市场类,1,2019-03-13,position_detail.php?id=47498&keywords=&tid=0&lid=0,19837-电影新媒体媒介经理,北京
职能类,1,2019-03-13,position_detail.php?id=47499&keywords=&tid=0&lid=0,HGJ-Legal Counsel (Technology Transactions),深圳
技术类,1,2019-03-13,position_detail.php?id=47500&keywords=&tid=0&lid=0,31504-云服务平台部--服务运营中心总监,深圳
技术类,1,2019-03-13,position_detail.php?id=47501&keywords=&tid=0&lid=0,22989-经营平台产品中心web前端开发,深圳
设计类,1,2019-03-13,position_detail.php?id=47492&keywords=&tid=0&lid=0,15573-MMORPG UE4手游资深美术3D设计（上海）,上海
设计类,1,2019-03-13,position_detail.php?id=47493&keywords=&tid=0&lid=0,15573-MMORPG UE4手游3D动画设计师（上海）,上海
设计类,1,2019-03-13,position_detail.php?id=47494&keywords=&tid=0&lid=0,15573-MMORPG UE4手游3D特效美术师（上海）,上海
设计类,1,2019-03-13,position_detail.php?id=47495&keywords=&tid=0&lid=0,15573-MMORPG UE4手游交互设计师(上海),上海
职能类,1,2019-03-13,position_detail.php?id=47496&keywords=&tid=0&lid=0,21645-高级法律顾问,深圳
职能类,2,2019-03-13,position_detail.php?id=47486&keywords=&tid=0&lid=0,29050-数据安全经理/专家（深圳）,深圳
职能类,2,2019-03-13,position_detail.php?id=47487&keywords=&tid=0&lid=0,29050-数据安全经理/专家（北京）,北京
职能类,1,2019-03-13,position_detail.php?id=47488&keywords=&tid=0&lid=0,AQ-行业合作经理（北京）,北京
职能类,1,2019-03-13,position_detail.php?id=47489&keywords=&tid=0&lid=0,AQ-行业合作经理（深圳）,深圳
市场类,1,2019-03-13,position_detail.php?id=47490&keywords=&tid=0&lid=0,27554-腾讯音乐商业制片人（上海）,上海
技术类,1,2019-03-13,position_detail.php?id=47491&keywords=&tid=0&lid=0,30361-天天P图图像处理后台开发（上海）,上海
产品/项目类,1,2019-03-13,position_detail.php?id=47479&keywords=&tid=0&lid=0,22086-腾讯体育-内容消费高级产品经理,北京
产品/项目类,1,2019-03-13,position_detail.php?id=47480&keywords=&tid=0&lid=0,22086-体育号CP管理产品经理 ,北京
产品/项目类,1,2019-03-13,position_detail.php?id=47481&keywords=&tid=0&lid=0,22086-体育号高级产品经理,北京
职能类,1,2019-03-13,position_detail.php?id=47484&keywords=&tid=0&lid=0,AQ-产品安全经理（深圳）,深圳
职能类,1,2019-03-13,position_detail.php?id=47485&keywords=&tid=0&lid=0,AQ-产品安全经理（广州）,广州
职能类,1,2019-03-13,position_detail.php?id=47473&keywords=&tid=0&lid=0,29316-HRBP（深圳）,深圳
产品/项目类,1,2019-03-13,position_detail.php?id=47474&keywords=&tid=0&lid=0,18432-基金高级分析师,深圳
产品/项目类,1,2019-03-13,position_detail.php?id=47475&keywords=&tid=0&lid=0,21309-在线教育流量运营及销转专家（运营/增长黑客）,深圳
市场类,1,2019-03-13,position_detail.php?id=47476&keywords=&tid=0&lid=0,28481-高级医疗商务拓展经理（北京）,北京
内容编辑类,2,2019-03-13,position_detail.php?id=47477&keywords=&tid=0&lid=0,21882-高级医学编辑（深圳/北京）,北京
内容编辑类,2,2019-03-13,position_detail.php?id=47478&keywords=&tid=0&lid=0,27553-腾讯音乐人曲库运营,深圳
技术类,1,2019-03-13,position_detail.php?id=47468&keywords=&tid=0&lid=0,PCG10-浏览器阅读中心后台开发工程师（深圳）,深圳
技术类,2,2019-03-13,position_detail.php?id=47469&keywords=&tid=0&lid=0,PCG10-浏览器阅读中心前端开发工程师（深圳）,深圳
技术类,1,2019-03-13,position_detail.php?id=47470&keywords=&tid=0&lid=0,PCG10-浏览器阅读中心PUGC内容推荐算法工程师,深圳
产品/项目类,1,2019-03-13,position_detail.php?id=47471&keywords=&tid=0&lid=0,PCG10-高级产品经理（工具产品方向）,成都
产品/项目类,1,2019-03-13,position_detail.php?id=47472&keywords=&tid=0&lid=0,18432-策略分析师,深圳
产品/项目类,1,2019-03-13,position_detail.php?id=47460&keywords=&tid=0&lid=0,30628-腾讯广告平台高级产品经理（上海）,上海
内容编辑类,1,2019-03-13,position_detail.php?id=47462&keywords=&tid=0&lid=0,30361-企鹅FM小说频道运营,北京
产品/项目类,1,2019-03-13,position_detail.php?id=47463&keywords=&tid=0&lid=0,22088-体育电商产品经理,北京
产品/项目类,1,2019-03-13,position_detail.php?id=47464&keywords=&tid=0&lid=0,26787-海外业务产品运营经理,深圳
产品/项目类,1,2019-03-13,position_detail.php?id=47465&keywords=&tid=0&lid=0,18402-MMO手游-平台渠道运营,深圳
技术类,1,2019-03-13,position_detail.php?id=47453&keywords=&tid=0&lid=0,WXG02-113 微信数据平台开发工程师（深圳）,深圳
市场类,1,2019-03-13,position_detail.php?id=47456&keywords=&tid=0&lid=0,29311-智慧出行产业品牌经理（北京）,北京
技术类,3,2019-03-13,position_detail.php?id=47457&keywords=&tid=0&lid=0,S2-区块链应用开发工程师（深圳）,深圳
技术类,1,2019-03-13,position_detail.php?id=47458&keywords=&tid=0&lid=0,31458-信用卡业务后台开发工程师,深圳
产品/项目类,1,2019-03-13,position_detail.php?id=47459&keywords=&tid=0&lid=0,18432-浮动收益产品运营经理,深圳
内容编辑类,1,2019-03-13,position_detail.php?id=47449&keywords=&tid=0&lid=0,23673-短视频热点运营（北京）,北京
技术类,3,2019-03-13,position_detail.php?id=47450&keywords=&tid=0&lid=0,15851-游戏测试工程师（深圳）,深圳
技术类,3,2019-03-13,position_detail.php?id=47451&keywords=&tid=0&lid=0,15851-游戏专项测试开发工程师(深圳),深圳
技术类,1,2019-03-13,position_detail.php?id=47452&keywords=&tid=0&lid=0,30359-视频业务运维工程师,深圳
产品/项目类,1,2019-03-13,position_detail.php?id=47442&keywords=&tid=0&lid=0,TME-全民K歌高级数据分析产品经理,深圳
技术类,1,2019-03-13,position_detail.php?id=47443&keywords=&tid=0&lid=0,28601-微信支付智能硬件专家,深圳
技术类,2,2019-03-13,position_detail.php?id=47444&keywords=&tid=0&lid=0,22989-腾讯云网络高级后台开发工程师（上海/北京）,上海
产品/项目类,1,2019-03-13,position_detail.php?id=47445&keywords=&tid=0&lid=0,WXG03-212 小程序产品策划（广州）,广州
产品/项目类,1,2019-03-13,position_detail.php?id=47446&keywords=&tid=0&lid=0,WXG01-212 微信高级产品策划经理（广州）,广州
技术类,2,2019-03-13,position_detail.php?id=47448&keywords=&tid=0&lid=0,TEG05-高级图像算法研究员（北京）,北京
内容编辑类,1,2019-03-13,position_detail.php?id=47437&keywords=&tid=0&lid=0,29912-微视音乐编辑,北京
设计类,1,2019-03-13,position_detail.php?id=47438&keywords=&tid=0&lid=0,15611-资深2D角色设计师（深圳）,深圳
设计类,1,2019-03-13,position_detail.php?id=47439&keywords=&tid=0&lid=0,15611-高级UnrealEngine技术美术（深圳）,深圳
设计类,1,2019-03-13,position_detail.php?id=47440&keywords=&tid=0&lid=0,15611-资深3D动画设计师（深圳）,深圳
产品/项目类,2,2019-03-13,position_detail.php?id=47441&keywords=&tid=0&lid=0,TME-全民K歌数据分析产品经理,深圳
产品/项目类,3,2019-03-13,position_detail.php?id=47431&keywords=&tid=0&lid=0,21090-高级游戏策划（深圳）,深圳
产品/项目类,1,2019-03-13,position_detail.php?id=47432&keywords=&tid=0&lid=0,21090-高级商业分析（深圳）,深圳
产品/项目类,1,2019-03-13,position_detail.php?id=47433&keywords=&tid=0&lid=0,21090-高级游戏运营（深圳）,深圳
内容编辑类,1,2019-03-13,position_detail.php?id=47435&keywords=&tid=0&lid=0,17759-腾讯视频艺术频道运营经理,北京
内容编辑类,2,2019-03-13,position_detail.php?id=47436&keywords=&tid=0&lid=0,29912-微视音乐内容运营,北京
技术类,1,2019-03-13,position_detail.php?id=47423&keywords=&tid=0&lid=0,TEG02-网络运维工程师,深圳
产品/项目类,1,2019-03-13,position_detail.php?id=47424&keywords=&tid=0&lid=0,26699-智慧零售高级产品策划经理（深圳）,深圳
产品/项目类,1,2019-03-13,position_detail.php?id=47426&keywords=&tid=0&lid=0,30622-腾讯广告Q系流量商业化产品经理（深圳）,深圳
技术类,1,2019-03-13,position_detail.php?id=47428&keywords=&tid=0&lid=0,30628-腾讯广告算法高级工程师（研发中心-深圳）,深圳
技术类,2,2019-03-13,position_detail.php?id=47429&keywords=&tid=0&lid=0,21527-腾讯音乐PHP应用开发工程师（深圳）,深圳
产品/项目类,1,2019-03-13,position_detail.php?id=47430&keywords=&tid=0&lid=0,21089-高级运营经理,深圳
产品/项目类,1,2019-03-13,position_detail.php?id=47417&keywords=&tid=0&lid=0,26563-平台内容运营,深圳
产品/项目类,1,2019-03-13,position_detail.php?id=47418&keywords=&tid=0&lid=0,26563-游戏平台（WeGame）产品策划,深圳
技术类,1,2019-03-13,position_detail.php?id=47419&keywords=&tid=0&lid=0,27092-用户增长后台开发工程师（深圳）,深圳
技术类,1,2019-03-13,position_detail.php?id=47420&keywords=&tid=0&lid=0,TME-全民K歌Android开发工程师,深圳
产品/项目类,1,2019-03-13,position_detail.php?id=47421&keywords=&tid=0&lid=0,23671-企鹅号Howto品类产品运营（深圳）,深圳
技术类,2,2019-03-13,position_detail.php?id=47411&keywords=&tid=0&lid=0,22989-腾讯云资深运营开发工程师（深圳）,深圳
职能类,1,2019-03-13,position_detail.php?id=47412&keywords=&tid=0&lid=0,15774-业务流程管理经理（深圳）,深圳
产品/项目类,1,2019-03-13,position_detail.php?id=47413&keywords=&tid=0&lid=0,15612-MMORPG剧情策划师（北京）,北京
产品/项目类,1,2019-03-13,position_detail.php?id=47414&keywords=&tid=0&lid=0,15612-资深数值策划（北京）,北京
产品/项目类,1,2019-03-13,position_detail.php?id=47415&keywords=&tid=0&lid=0,15612-资深系统策划（北京）,北京
产品/项目类,1,2019-03-13,position_detail.php?id=47416&keywords=&tid=0&lid=0,26563-数据分析（深圳）,深圳
产品/项目类,1,2019-03-13,position_detail.php?id=47405&keywords=&tid=0&lid=0,30622-腾讯广告QQ系流量品牌类广告运营经理（深圳/上海）（深圳总部）,深圳
产品/项目类,1,2019-03-13,position_detail.php?id=47406&keywords=&tid=0&lid=0,30622-腾讯广告QQ系流量品牌类广告运营经理（深圳/上海）（上海）,上海
技术类,1,2019-03-13,position_detail.php?id=47407&keywords=&tid=0&lid=0,22090-天天快报-推荐算法工程师（北京）,北京
技术类,1,2019-03-13,position_detail.php?id=47408&keywords=&tid=0&lid=0,TEG06-高级运维工程师（深圳）,深圳
市场类,1,2019-03-13,position_detail.php?id=47410&keywords=&tid=0&lid=0,30631- 腾讯广告媒介管理经理（北京）,北京
技术类,1,2019-03-13,position_detail.php?id=47396&keywords=&tid=0&lid=0,PCG11-后台开发工程师（北京）,北京
技术类,1,2019-03-13,position_detail.php?id=47397&keywords=&tid=0&lid=0,PCG11-后台开发工程师（北京）,北京
产品/项目类,1,2019-03-13,position_detail.php?id=47398&keywords=&tid=0&lid=0,TEG12-IDC产品售前经理（深圳）,深圳
产品/项目类,1,2019-03-13,position_detail.php?id=47399&keywords=&tid=0&lid=0,30934-海外游戏高级业务规划经理,深圳
产品/项目类,1,2019-03-13,position_detail.php?id=47400&keywords=&tid=0&lid=0,30934-海外游戏数据运营资深经理,深圳
技术类,2,2019-03-13,position_detail.php?id=47401&keywords=&tid=0&lid=0,28481-高级前端开发工程师,深圳
市场类,1,2019-03-13,position_detail.php?id=47391&keywords=&tid=0&lid=0,23872-CRM组成员,深圳
产品/项目类,1,2019-03-13,position_detail.php?id=47393&keywords=&tid=0&lid=0,29912-高级产品运营,深圳
产品/项目类,1,2019-03-13,position_detail.php?id=47394&keywords=&tid=0&lid=0,22989-数据产品专家/高级数据产品经理,深圳
技术类,1,2019-03-13,position_detail.php?id=47395&keywords=&tid=0&lid=0,PCG11-后台开发工程师（北京）,北京
产品/项目类,1,2019-03-13,position_detail.php?id=47385&keywords=&tid=0&lid=0,30934-商业化策划,深圳
产品/项目类,1,2019-03-13,position_detail.php?id=47386&keywords=&tid=0&lid=0,30622-腾讯广告QQ系流量效果类广告运营经理（深圳）,深圳
技术类,1,2019-03-13,position_detail.php?id=47387&keywords=&tid=0&lid=0,30623-腾讯广告联盟广告Android高级架构师（北京）,北京
职能类,2,2019-03-13,position_detail.php?id=47388&keywords=&tid=0&lid=0,21530-腾讯音乐高级招聘经理(深圳),深圳
技术类,2,2019-03-13,position_detail.php?id=47380&keywords=&tid=0&lid=0,22989-腾讯云serverless运营开发工程师（成都）,成都
技术类,2,2019-03-13,position_detail.php?id=47381&keywords=&tid=0&lid=0,22989-云计算规划架构师,深圳
技术类,2,2019-03-13,position_detail.php?id=47382&keywords=&tid=0&lid=0,22989-云技术架构师,深圳
技术类,2,2019-03-13,position_detail.php?id=47383&keywords=&tid=0&lid=0,22989-服务器技术工程师,深圳
产品/项目类,1,2019-03-13,position_detail.php?id=47384&keywords=&tid=0&lid=0,30934-海外产品策划高级经理 ,深圳
技术类,1,2019-03-13,position_detail.php?id=47374&keywords=&tid=0&lid=0,18436-NLP算法研究员（深圳）,深圳
设计类,1,2019-03-13,position_detail.php?id=47375&keywords=&tid=0&lid=0,29923-用户研究员,深圳
产品/项目类,1,2019-03-13,position_detail.php?id=47376&keywords=&tid=0&lid=0,30934-资深日本社区运营,深圳
产品/项目类,1,2019-03-13,position_detail.php?id=47377&keywords=&tid=0&lid=0,30934-SLG海外手游运营策划,深圳
产品/项目类,1,2019-03-13,position_detail.php?id=47378&keywords=&tid=0&lid=0,30934-资深手游数据挖掘分析师,深圳
技术类,2,2019-03-13,position_detail.php?id=47379&keywords=&tid=0&lid=0,22989-腾讯云serverless运营开发工程师（深圳总部）,深圳
技术类,1,2019-03-13,position_detail.php?id=47369&keywords=&tid=0&lid=0,29777-金融云资管行业售前架构师（北上深）（北京）,北京
技术类,1,2019-03-13,position_detail.php?id=47370&keywords=&tid=0&lid=0,29777-金融云资管行业售前架构师（北上深）（上海）,上海
产品/项目类,1,2019-03-13,position_detail.php?id=47371&keywords=&tid=0&lid=0,29777-金融资管行业产品经理（北上深）（深圳总部）,深圳
产品/项目类,1,2019-03-13,position_detail.php?id=47372&keywords=&tid=0&lid=0,29777-金融资管行业产品经理（北上深）（北京）,北京
产品/项目类,1,2019-03-13,position_detail.php?id=47373&keywords=&tid=0&lid=0,29777-金融资管行业产品经理（北上深）（上海）,上海
设计类,1,2019-03-13,position_detail.php?id=47362&keywords=&tid=0&lid=0,21882-医疗资讯产品中心—高级交互设计师（深圳）,深圳
产品/项目类,1,2019-03-13,position_detail.php?id=47363&keywords=&tid=0&lid=0,23486-证券社区运营经理（北京）,北京
技术类,2,2019-03-13,position_detail.php?id=47364&keywords=&tid=0&lid=0,CSIG07-解决方案架构师（北京/深圳）（北京）,北京
产品/项目类,1,2019-03-13,position_detail.php?id=47366&keywords=&tid=0&lid=0,25663-泛互联网行业产品副组长（电商、生活互联方向）,深圳
产品/项目类,1,2019-03-13,position_detail.php?id=47367&keywords=&tid=0&lid=0,25663-泛互联网行业产品副组长（游戏、文创方向）,深圳
技术类,1,2019-03-13,position_detail.php?id=47368&keywords=&tid=0&lid=0,29777-金融云资管行业售前架构师（北上深）（深圳总部）,深圳
